# part	xc7a200tfbg484-2
# grid	164	203
total	core	9022	6	4	93	147	114	160
total	crossing	375	0	0	92	118	123	133
total	ethernet	1725	0	0	0	22	88	115
total	memory	9493	0	0	122	163	130	202
total	top	214	0	0	0	163	114	160
total	video	245	12	0	2	117	115	167
cell	core	100	117	14
cell	core	100	118	10
cell	core	100	119	7
cell	core	100	120	12
cell	core	100	121	4
cell	core	100	122	10
cell	core	100	123	4
cell	core	100	125	7
cell	core	100	128	15
cell	core	100	129	8
cell	core	100	132	9
cell	core	100	133	6
cell	core	100	134	9
cell	core	100	135	2
cell	core	100	136	1
cell	core	100	137	1
cell	core	100	138	1
cell	core	100	139	1
cell	core	100	140	1
cell	core	100	141	1
cell	core	100	142	1
cell	core	100	147	2
cell	core	100	148	1
cell	core	100	149	8
cell	core	100	150	8
cell	core	100	151	4
cell	core	100	152	4
cell	core	101	116	1
cell	core	101	117	1
cell	core	101	118	1
cell	core	101	119	1
cell	core	101	120	1
cell	core	101	121	1
cell	core	101	122	1
cell	core	101	123	1
cell	core	101	128	16
cell	core	101	129	3
cell	core	101	132	8
cell	core	101	133	7
cell	core	101	134	6
cell	core	101	135	7
cell	core	101	136	4
cell	core	101	137	8
cell	core	101	138	7
cell	core	101	139	7
cell	core	101	140	7
cell	core	101	141	6
cell	core	101	142	6
cell	core	101	149	8
cell	core	101	150	8
cell	core	102	117	3
cell	core	102	118	5
cell	core	102	122	4
cell	core	102	131	4
cell	core	102	132	6
cell	core	102	133	9
cell	core	102	134	5
cell	core	102	135	4
cell	core	102	136	4
cell	core	102	137	2
cell	core	102	139	4
cell	core	102	141	6
cell	core	102	149	4
cell	core	103	128	9
cell	core	103	131	4
cell	core	103	132	6
cell	core	103	133	5
cell	core	103	136	4
cell	core	103	152	2
cell	core	104	117	3
cell	core	104	118	16
cell	core	104	119	4
cell	core	104	121	16
cell	core	104	128	6
cell	core	104	129	9
cell	core	104	135	1
cell	core	104	136	6
cell	core	104	137	4
cell	core	104	138	5
cell	core	104	139	2
cell	core	104	146	4
cell	core	104	149	2
cell	core	104	150	4
cell	core	104	151	8
cell	core	104	152	8
cell	core	104	153	8
cell	core	104	154	8
cell	core	104	155	8
cell	core	104	156	8
cell	core	104	157	8
cell	core	104	158	8
cell	core	105	116	12
cell	core	105	118	8
cell	core	105	119	3
cell	core	105	121	8
cell	core	105	126	3
cell	core	105	127	4
cell	core	105	128	5
cell	core	105	129	4
cell	core	105	130	9
cell	core	105	131	8
cell	core	105	132	7
cell	core	105	135	5
cell	core	105	136	6
cell	core	105	137	8
cell	core	105	138	8
cell	core	105	139	5
cell	core	105	145	3
cell	core	105	146	4
cell	core	105	147	3
cell	core	105	148	4
cell	core	105	149	4
cell	core	105	150	4
cell	core	105	151	5
cell	core	105	152	6
cell	core	105	153	9
cell	core	105	154	9
cell	core	105	155	6
cell	core	105	156	6
cell	core	105	157	5
cell	core	105	158	5
cell	core	106	116	4
cell	core	106	123	4
cell	core	106	124	6
cell	core	106	125	6
cell	core	106	126	8
cell	core	106	127	6
cell	core	106	128	5
cell	core	106	129	4
cell	core	106	130	5
cell	core	106	131	9
cell	core	106	132	7
cell	core	106	135	5
cell	core	106	136	5
cell	core	106	137	5
cell	core	106	138	4
cell	core	106	139	6
cell	core	106	141	4
cell	core	106	145	6
cell	core	106	146	5
cell	core	106	147	5
cell	core	106	148	5
cell	core	106	149	5
cell	core	106	150	9
cell	core	106	151	5
cell	core	106	152	4
cell	core	106	153	13
cell	core	106	154	10
cell	core	106	155	9
cell	core	106	156	13
cell	core	106	157	2
cell	core	106	158	2
cell	core	107	116	2
cell	core	107	124	2
cell	core	107	125	8
cell	core	107	126	7
cell	core	107	127	8
cell	core	107	128	2
cell	core	107	130	10
cell	core	107	131	3
cell	core	107	132	4
cell	core	107	135	2
cell	core	107	136	5
cell	core	107	137	7
cell	core	107	138	5
cell	core	107	139	2
cell	core	107	141	7
cell	core	107	142	6
cell	core	107	143	5
cell	core	107	144	3
cell	core	107	145	5
cell	core	107	146	5
cell	core	107	147	5
cell	core	107	148	5
cell	core	107	149	5
cell	core	107	150	5
cell	core	107	151	8
cell	core	107	152	6
cell	core	107	153	9
cell	core	107	154	5
cell	core	107	155	5
cell	core	107	156	5
cell	core	107	157	5
cell	core	107	158	5
cell	core	107	159	5
cell	core	107	160	4
cell	core	108	120	4
cell	core	108	123	3
cell	core	108	124	4
cell	core	108	125	4
cell	core	108	126	5
cell	core	108	127	8
cell	core	108	128	8
cell	core	108	130	6
cell	core	108	131	8
cell	core	108	132	10
cell	core	108	133	8
cell	core	108	135	4
cell	core	108	136	7
cell	core	108	137	6
cell	core	108	138	5
cell	core	108	139	6
cell	core	108	140	6
cell	core	108	141	5
cell	core	108	142	5
cell	core	108	143	8
cell	core	108	144	5
cell	core	108	145	5
cell	core	108	146	5
cell	core	108	147	4
cell	core	108	148	5
cell	core	108	149	4
cell	core	108	150	4
cell	core	108	151	4
cell	core	108	152	4
cell	core	108	153	4
cell	core	108	154	4
cell	core	108	155	3
cell	core	108	156	4
cell	core	108	157	4
cell	core	108	158	4
cell	core	108	159	1
cell	core	109	120	8
cell	core	109	123	8
cell	core	109	124	11
cell	core	109	125	11
cell	core	109	126	9
cell	core	109	127	8
cell	core	109	128	8
cell	core	109	129	8
cell	core	109	130	4
cell	core	109	131	16
cell	core	109	132	10
cell	core	109	133	8
cell	core	109	135	8
cell	core	109	136	8
cell	core	109	137	10
cell	core	109	138	7
cell	core	109	139	8
cell	core	109	140	7
cell	core	109	141	8
cell	core	109	142	7
cell	core	109	143	7
cell	core	109	144	7
cell	core	109	145	6
cell	core	109	146	6
cell	core	109	147	5
cell	core	109	148	5
cell	core	109	149	5
cell	core	109	150	4
cell	core	109	151	5
cell	core	109	152	5
cell	core	109	153	5
cell	core	109	154	5
cell	core	109	155	5
cell	core	109	156	5
cell	core	109	157	5
cell	core	109	158	4
cell	core	110	117	2
cell	core	110	118	4
cell	core	110	119	2
cell	core	110	120	4
cell	core	110	123	5
cell	core	110	124	10
cell	core	110	125	9
cell	core	110	126	8
cell	core	110	127	7
cell	core	110	128	8
cell	core	110	129	8
cell	core	110	130	7
cell	core	110	131	4
cell	core	110	133	2
cell	core	110	135	9
cell	core	110	136	6
cell	core	110	137	4
cell	core	110	138	7
cell	core	110	139	7
cell	core	110	140	6
cell	core	110	141	8
cell	core	110	142	7
cell	core	110	143	1
cell	core	110	144	7
cell	core	110	145	3
cell	core	110	146	2
cell	core	110	147	5
cell	core	110	148	4
cell	core	110	149	4
cell	core	110	150	4
cell	core	110	151	4
cell	core	110	152	4
cell	core	110	153	2
cell	core	110	154	5
cell	core	110	155	4
cell	core	110	156	4
cell	core	110	157	4
cell	core	110	158	2
cell	core	110	159	2
cell	core	111	117	4
cell	core	111	118	16
cell	core	111	119	4
cell	core	111	120	6
cell	core	111	121	16
cell	core	111	123	8
cell	core	111	124	12
cell	core	111	125	13
cell	core	111	126	8
cell	core	111	127	8
cell	core	111	128	7
cell	core	111	129	8
cell	core	111	131	2
cell	core	111	133	2
cell	core	111	135	4
cell	core	111	136	6
cell	core	111	137	7
cell	core	111	138	7
cell	core	111	139	6
cell	core	111	140	6
cell	core	111	141	7
cell	core	111	142	10
cell	core	111	143	1
cell	core	111	144	5
cell	core	111	145	5
cell	core	111	147	3
cell	core	111	148	2
cell	core	111	149	3
cell	core	111	150	4
cell	core	111	151	3
cell	core	111	152	4
cell	core	111	153	1
cell	core	111	154	3
cell	core	111	155	4
cell	core	111	156	4
cell	core	111	157	2
cell	core	112	115	16
cell	core	112	117	8
cell	core	112	118	2
cell	core	112	119	6
cell	core	112	120	8
cell	core	112	121	8
cell	core	112	122	1
cell	core	112	123	4
cell	core	112	124	8
cell	core	112	125	7
cell	core	112	126	8
cell	core	112	127	7
cell	core	112	129	5
cell	core	112	135	1
cell	core	112	136	6
cell	core	112	137	7
cell	core	112	138	5
cell	core	112	139	5
cell	core	112	140	6
cell	core	112	141	4
cell	core	112	142	9
cell	core	112	143	9
cell	core	112	144	4
cell	core	112	145	9
cell	core	112	146	12
cell	core	112	147	9
cell	core	112	148	4
cell	core	112	149	6
cell	core	112	150	5
cell	core	112	151	9
cell	core	112	152	9
cell	core	112	153	9
cell	core	112	154	9
cell	core	112	155	1
cell	core	112	156	4
cell	core	112	157	3
cell	core	113	115	8
cell	core	113	117	2
cell	core	113	118	8
cell	core	113	119	7
cell	core	113	120	5
cell	core	113	121	2
cell	core	113	123	10
cell	core	113	124	9
cell	core	113	125	9
cell	core	113	126	9
cell	core	113	127	6
cell	core	113	128	8
cell	core	113	129	10
cell	core	113	137	8
cell	core	113	138	6
cell	core	113	139	5
cell	core	113	140	5
cell	core	113	141	6
cell	core	113	142	7
cell	core	113	143	4
cell	core	113	144	4
cell	core	113	145	3
cell	core	113	146	1
cell	core	113	147	1
cell	core	113	148	4
cell	core	113	149	9
cell	core	113	150	9
cell	core	113	151	9
cell	core	113	152	9
cell	core	113	153	5
cell	core	113	154	5
cell	core	113	155	4
cell	core	113	156	6
cell	core	113	157	6
cell	core	113	158	1
cell	core	114	117	4
cell	core	114	118	4
cell	core	114	119	8
cell	core	114	120	8
cell	core	114	123	5
cell	core	114	124	7
cell	core	114	125	8
cell	core	114	126	5
cell	core	114	127	2
cell	core	114	128	4
cell	core	114	129	1
cell	core	114	133	2
cell	core	114	134	8
cell	core	114	139	7
cell	core	114	140	5
cell	core	114	141	8
cell	core	114	142	3
cell	core	114	143	8
cell	core	114	144	6
cell	core	114	145	4
cell	core	114	146	3
cell	core	114	147	6
cell	core	114	148	4
cell	core	114	149	5
cell	core	114	150	5
cell	core	114	151	4
cell	core	114	152	4
cell	core	114	153	2
cell	core	114	154	4
cell	core	114	155	4
cell	core	114	156	6
cell	core	114	157	6
cell	core	114	158	6
cell	core	115	117	4
cell	core	115	119	3
cell	core	115	120	2
cell	core	115	121	4
cell	core	115	122	2
cell	core	115	123	2
cell	core	115	124	4
cell	core	115	125	4
cell	core	115	126	7
cell	core	115	127	2
cell	core	115	132	4
cell	core	115	133	4
cell	core	115	134	6
cell	core	115	135	4
cell	core	115	137	2
cell	core	115	138	1
cell	core	115	139	9
cell	core	115	140	2
cell	core	115	141	6
cell	core	115	142	1
cell	core	115	143	5
cell	core	115	144	3
cell	core	115	145	5
cell	core	115	146	5
cell	core	115	147	5
cell	core	115	148	5
cell	core	115	149	5
cell	core	115	150	5
cell	core	115	151	5
cell	core	115	152	4
cell	core	115	153	4
cell	core	115	154	5
cell	core	115	155	5
cell	core	115	156	5
cell	core	115	157	5
cell	core	115	158	4
cell	core	116	119	2
cell	core	116	120	4
cell	core	116	121	8
cell	core	116	122	6
cell	core	116	123	4
cell	core	116	124	1
cell	core	116	125	1
cell	core	116	126	8
cell	core	116	127	7
cell	core	116	133	8
cell	core	116	134	8
cell	core	116	135	8
cell	core	116	136	6
cell	core	116	137	9
cell	core	116	138	7
cell	core	116	139	3
cell	core	116	141	5
cell	core	116	142	9
cell	core	116	143	9
cell	core	116	144	9
cell	core	116	145	9
cell	core	116	146	9
cell	core	116	147	9
cell	core	116	148	4
cell	core	116	149	4
cell	core	116	150	9
cell	core	116	151	9
cell	core	116	152	9
cell	core	116	153	9
cell	core	116	154	5
cell	core	116	155	6
cell	core	116	156	4
cell	core	116	157	4
cell	core	116	158	4
cell	core	116	159	2
cell	core	117	115	16
cell	core	117	116	8
cell	core	117	117	12
cell	core	117	118	4
cell	core	117	120	2
cell	core	117	121	7
cell	core	117	122	16
cell	core	117	123	4
cell	core	117	126	5
cell	core	117	133	5
cell	core	117	134	10
cell	core	117	135	6
cell	core	117	136	4
cell	core	117	137	7
cell	core	117	138	4
cell	core	117	139	4
cell	core	117	140	3
cell	core	117	141	8
cell	core	117	142	5
cell	core	117	143	5
cell	core	117	144	6
cell	core	117	145	5
cell	core	117	146	5
cell	core	117	147	5
cell	core	117	148	5
cell	core	117	149	4
cell	core	117	150	4
cell	core	117	151	4
cell	core	117	152	3
cell	core	117	153	4
cell	core	117	154	6
cell	core	117	155	4
cell	core	117	156	4
cell	core	117	157	5
cell	core	117	158	5
cell	core	117	159	4
cell	core	118	115	4
cell	core	118	116	4
cell	core	118	117	4
cell	core	118	118	2
cell	core	118	119	4
cell	core	118	120	4
cell	core	118	121	16
cell	core	118	122	4
cell	core	118	123	8
cell	core	118	125	2
cell	core	118	126	12
cell	core	118	127	4
cell	core	118	128	4
cell	core	118	129	2
cell	core	118	130	4
cell	core	118	132	9
cell	core	118	133	8
cell	core	118	134	7
cell	core	118	135	4
cell	core	118	138	8
cell	core	118	139	8
cell	core	118	140	4
cell	core	118	141	7
cell	core	118	142	7
cell	core	118	143	6
cell	core	118	144	5
cell	core	118	145	6
cell	core	118	146	5
cell	core	118	147	5
cell	core	118	148	5
cell	core	118	149	5
cell	core	118	150	4
cell	core	118	151	3
cell	core	118	152	5
cell	core	118	153	4
cell	core	118	154	5
cell	core	118	155	4
cell	core	118	156	5
cell	core	118	157	4
cell	core	118	158	6
cell	core	118	159	6
cell	core	119	115	4
cell	core	119	116	4
cell	core	119	117	2
cell	core	119	121	2
cell	core	119	122	4
cell	core	119	123	6
cell	core	119	125	2
cell	core	119	126	3
cell	core	119	129	5
cell	core	119	130	6
cell	core	119	131	4
cell	core	119	132	8
cell	core	119	133	8
cell	core	119	134	6
cell	core	119	135	2
cell	core	119	136	3
cell	core	119	137	3
cell	core	119	138	2
cell	core	119	139	1
cell	core	119	140	6
cell	core	119	141	7
cell	core	119	142	6
cell	core	119	143	6
cell	core	119	144	6
cell	core	119	145	5
cell	core	119	146	4
cell	core	119	147	4
cell	core	119	148	5
cell	core	119	149	6
cell	core	119	150	5
cell	core	119	151	4
cell	core	119	152	4
cell	core	119	153	4
cell	core	119	154	4
cell	core	119	155	4
cell	core	119	156	5
cell	core	119	157	4
cell	core	119	158	4
cell	core	119	159	6
cell	core	120	116	2
cell	core	120	117	6
cell	core	120	118	5
cell	core	120	119	2
cell	core	120	120	9
cell	core	120	121	8
cell	core	120	122	1
cell	core	120	125	9
cell	core	120	126	3
cell	core	120	127	13
cell	core	120	128	12
cell	core	120	130	7
cell	core	120	131	3
cell	core	120	132	2
cell	core	120	133	6
cell	core	120	134	6
cell	core	120	135	8
cell	core	120	136	1
cell	core	120	137	6
cell	core	120	138	1
cell	core	120	139	2
cell	core	120	140	8
cell	core	120	141	11
cell	core	120	142	8
cell	core	120	143	8
cell	core	120	144	6
cell	core	120	145	8
cell	core	120	146	7
cell	core	120	147	8
cell	core	120	148	8
cell	core	120	149	7
cell	core	120	150	5
cell	core	120	151	6
cell	core	120	152	5
cell	core	120	153	5
cell	core	120	154	4
cell	core	120	155	4
cell	core	120	156	5
cell	core	120	157	6
cell	core	120	158	5
cell	core	120	159	4
cell	core	121	117	7
cell	core	121	118	8
cell	core	121	119	6
cell	core	121	120	7
cell	core	121	121	4
cell	core	121	122	5
cell	core	121	125	10
cell	core	121	127	4
cell	core	121	128	4
cell	core	121	130	7
cell	core	121	131	7
cell	core	121	132	2
cell	core	121	133	3
cell	core	121	134	12
cell	core	121	135	3
cell	core	121	136	8
cell	core	121	140	7
cell	core	121	141	6
cell	core	121	142	2
cell	core	121	143	1
cell	core	121	144	2
cell	core	121	145	1
cell	core	121	146	1
cell	core	121	147	1
cell	core	121	148	1
cell	core	121	149	8
cell	core	121	150	6
cell	core	121	151	4
cell	core	121	152	5
cell	core	121	153	5
cell	core	121	154	5
cell	core	121	155	5
cell	core	121	156	5
cell	core	121	157	5
cell	core	121	158	4
cell	core	121	159	4
cell	core	122	116	6
cell	core	122	117	8
cell	core	122	118	16
cell	core	122	119	6
cell	core	122	120	14
cell	core	122	121	4
cell	core	122	122	2
cell	core	122	124	2
cell	core	122	125	4
cell	core	122	126	2
cell	core	122	127	8
cell	core	122	128	7
cell	core	122	129	6
cell	core	122	130	8
cell	core	122	131	3
cell	core	122	132	5
cell	core	122	133	10
cell	core	122	134	9
cell	core	122	135	6
cell	core	122	136	4
cell	core	122	137	4
cell	core	122	139	6
cell	core	122	140	9
cell	core	122	141	7
cell	core	122	142	6
cell	core	122	143	4
cell	core	122	144	5
cell	core	122	145	5
cell	core	122	146	5
cell	core	122	147	5
cell	core	122	148	2
cell	core	122	149	7
cell	core	122	150	5
cell	core	122	151	5
cell	core	122	152	5
cell	core	122	153	5
cell	core	122	154	5
cell	core	122	155	5
cell	core	122	156	5
cell	core	122	157	5
cell	core	122	158	4
cell	core	123	116	6
cell	core	123	117	8
cell	core	123	118	8
cell	core	123	119	6
cell	core	123	120	8
cell	core	123	121	4
cell	core	123	123	8
cell	core	123	124	8
cell	core	123	125	5
cell	core	123	126	8
cell	core	123	127	5
cell	core	123	128	7
cell	core	123	129	7
cell	core	123	130	4
cell	core	123	131	8
cell	core	123	132	6
cell	core	123	133	8
cell	core	123	134	7
cell	core	123	135	3
cell	core	123	136	4
cell	core	123	137	3
cell	core	123	139	2
cell	core	123	140	7
cell	core	123	141	5
cell	core	123	142	1
cell	core	123	143	1
cell	core	123	144	2
cell	core	123	145	1
cell	core	123	146	1
cell	core	123	147	1
cell	core	123	148	1
cell	core	123	149	8
cell	core	123	150	6
cell	core	123	151	4
cell	core	123	152	5
cell	core	123	153	5
cell	core	123	154	5
cell	core	123	155	5
cell	core	123	156	5
cell	core	123	157	4
cell	core	123	158	6
cell	core	124	118	10
cell	core	124	119	13
cell	core	124	120	10
cell	core	124	121	16
cell	core	124	122	5
cell	core	124	123	8
cell	core	124	124	6
cell	core	124	125	13
cell	core	124	126	6
cell	core	124	127	11
cell	core	124	128	6
cell	core	124	129	7
cell	core	124	130	2
cell	core	124	131	4
cell	core	124	132	3
cell	core	124	133	3
cell	core	124	134	10
cell	core	124	135	7
cell	core	124	136	2
cell	core	124	137	9
cell	core	124	140	1
cell	core	124	141	6
cell	core	124	142	6
cell	core	124	143	6
cell	core	124	144	9
cell	core	124	145	8
cell	core	124	146	5
cell	core	124	147	9
cell	core	124	148	6
cell	core	124	149	6
cell	core	124	150	7
cell	core	124	151	5
cell	core	124	152	5
cell	core	124	153	5
cell	core	124	154	3
cell	core	124	155	5
cell	core	124	156	4
cell	core	124	157	4
cell	core	124	158	5
cell	core	124	159	1
cell	core	125	118	4
cell	core	125	119	8
cell	core	125	120	4
cell	core	125	121	6
cell	core	125	122	12
cell	core	125	123	6
cell	core	125	124	9
cell	core	125	125	4
cell	core	125	126	7
cell	core	125	127	8
cell	core	125	128	8
cell	core	125	129	5
cell	core	125	130	7
cell	core	125	131	9
cell	core	125	132	11
cell	core	125	133	13
cell	core	125	134	7
cell	core	125	135	4
cell	core	125	137	12
cell	core	125	138	1
cell	core	125	139	3
cell	core	125	140	4
cell	core	125	141	9
cell	core	125	142	7
cell	core	125	143	7
cell	core	125	144	9
cell	core	125	145	8
cell	core	125	146	7
cell	core	125	147	9
cell	core	125	148	6
cell	core	125	149	7
cell	core	125	150	7
cell	core	125	151	5
cell	core	125	152	5
cell	core	125	153	5
cell	core	125	154	2
cell	core	125	155	4
cell	core	125	156	4
cell	core	125	157	4
cell	core	125	158	4
cell	core	126	120	1
cell	core	126	121	8
cell	core	126	122	6
cell	core	126	123	5
cell	core	126	124	3
cell	core	126	125	8
cell	core	126	126	11
cell	core	126	127	8
cell	core	126	128	14
cell	core	126	129	7
cell	core	126	130	7
cell	core	126	131	5
cell	core	126	132	6
cell	core	126	133	10
cell	core	126	134	5
cell	core	126	136	3
cell	core	126	137	4
cell	core	126	139	4
cell	core	126	140	10
cell	core	126	141	5
cell	core	126	142	6
cell	core	126	143	8
cell	core	126	144	6
cell	core	126	145	5
cell	core	126	146	6
cell	core	126	147	6
cell	core	126	148	8
cell	core	126	149	7
cell	core	126	150	3
cell	core	126	151	2
cell	core	126	152	4
cell	core	126	153	4
cell	core	126	154	4
cell	core	126	155	4
cell	core	126	156	5
cell	core	126	157	5
cell	core	126	158	4
cell	core	127	120	12
cell	core	127	121	8
cell	core	127	122	8
cell	core	127	123	10
cell	core	127	124	8
cell	core	127	125	4
cell	core	127	126	7
cell	core	127	127	11
cell	core	127	128	4
cell	core	127	129	8
cell	core	127	131	12
cell	core	127	132	3
cell	core	127	133	4
cell	core	127	134	8
cell	core	127	135	4
cell	core	127	136	5
cell	core	127	137	3
cell	core	127	138	2
cell	core	127	139	8
cell	core	127	140	16
cell	core	127	141	5
cell	core	127	142	7
cell	core	127	143	5
cell	core	127	144	6
cell	core	127	145	7
cell	core	127	146	7
cell	core	127	147	8
cell	core	127	148	9
cell	core	127	149	7
cell	core	127	150	3
cell	core	127	152	6
cell	core	127	153	5
cell	core	127	154	3
cell	core	127	155	4
cell	core	127	156	4
cell	core	127	157	4
cell	core	128	120	8
cell	core	128	121	6
cell	core	128	122	7
cell	core	128	123	5
cell	core	128	124	10
cell	core	128	125	8
cell	core	128	126	3
cell	core	128	127	5
cell	core	128	128	10
cell	core	128	129	3
cell	core	128	131	6
cell	core	128	133	3
cell	core	128	134	16
cell	core	128	135	8
cell	core	128	136	12
cell	core	128	137	3
cell	core	128	138	3
cell	core	128	140	8
cell	core	128	141	6
cell	core	128	142	7
cell	core	128	143	6
cell	core	128	144	12
cell	core	128	145	7
cell	core	128	146	7
cell	core	128	147	7
cell	core	128	148	14
cell	core	128	149	7
cell	core	128	150	6
cell	core	128	152	3
cell	core	128	153	7
cell	core	128	154	3
cell	core	128	155	1
cell	core	128	156	6
cell	core	128	157	1
cell	core	129	119	9
cell	core	129	120	4
cell	core	129	121	5
cell	core	129	122	7
cell	core	129	123	6
cell	core	129	124	6
cell	core	129	125	6
cell	core	129	126	9
cell	core	129	127	6
cell	core	129	128	10
cell	core	129	129	5
cell	core	129	130	5
cell	core	129	131	6
cell	core	129	133	8
cell	core	129	134	1
cell	core	129	135	3
cell	core	129	136	12
cell	core	129	137	2
cell	core	129	139	1
cell	core	129	140	4
cell	core	129	141	5
cell	core	129	142	12
cell	core	129	143	6
cell	core	129	144	10
cell	core	129	145	6
cell	core	129	146	10
cell	core	129	147	8
cell	core	129	148	9
cell	core	129	149	7
cell	core	129	150	1
cell	core	129	152	4
cell	core	129	153	8
cell	core	129	154	3
cell	core	129	155	2
cell	core	129	156	8
cell	core	129	157	2
cell	core	130	116	6
cell	core	130	117	2
cell	core	130	119	10
cell	core	130	120	2
cell	core	130	121	5
cell	core	130	122	7
cell	core	130	123	2
cell	core	130	124	12
cell	core	130	125	6
cell	core	130	126	8
cell	core	130	127	16
cell	core	130	128	5
cell	core	130	129	8
cell	core	130	130	5
cell	core	130	131	3
cell	core	130	133	3
cell	core	130	134	9
cell	core	130	135	2
cell	core	130	136	4
cell	core	130	137	8
cell	core	130	138	3
cell	core	130	139	5
cell	core	130	140	5
cell	core	130	141	5
cell	core	130	142	5
cell	core	130	143	5
cell	core	130	144	5
cell	core	130	145	5
cell	core	130	146	4
cell	core	130	147	6
cell	core	130	148	6
cell	core	130	149	7
cell	core	130	152	2
cell	core	130	153	6
cell	core	130	154	8
cell	core	130	155	5
cell	core	130	156	8
cell	core	130	157	2
cell	core	131	115	4
cell	core	131	116	7
cell	core	131	117	4
cell	core	131	119	4
cell	core	131	120	4
cell	core	131	121	4
cell	core	131	122	4
cell	core	131	123	8
cell	core	131	124	8
cell	core	131	125	6
cell	core	131	126	12
cell	core	131	127	16
cell	core	131	128	8
cell	core	131	129	9
cell	core	131	130	2
cell	core	131	133	6
cell	core	131	134	3
cell	core	131	135	8
cell	core	131	136	6
cell	core	131	137	4
cell	core	131	138	9
cell	core	131	139	2
cell	core	131	140	6
cell	core	131	141	6
cell	core	131	142	8
cell	core	131	143	6
cell	core	131	144	5
cell	core	131	145	6
cell	core	131	146	10
cell	core	131	147	9
cell	core	131	148	7
cell	core	131	149	8
cell	core	131	150	5
cell	core	131	152	3
cell	core	131	153	5
cell	core	131	154	4
cell	core	131	155	7
cell	core	131	156	8
cell	core	131	157	4
cell	core	132	115	8
cell	core	132	116	7
cell	core	132	117	8
cell	core	132	118	10
cell	core	132	119	16
cell	core	132	120	8
cell	core	132	121	4
cell	core	132	122	8
cell	core	132	123	11
cell	core	132	124	3
cell	core	132	125	10
cell	core	132	126	7
cell	core	132	127	5
cell	core	132	128	2
cell	core	132	129	4
cell	core	132	130	9
cell	core	132	131	7
cell	core	132	132	3
cell	core	132	133	10
cell	core	132	134	4
cell	core	132	135	6
cell	core	132	136	4
cell	core	132	137	6
cell	core	132	138	5
cell	core	132	139	4
cell	core	132	140	2
cell	core	132	141	3
cell	core	132	142	3
cell	core	132	143	7
cell	core	132	144	8
cell	core	132	145	9
cell	core	132	146	8
cell	core	132	147	7
cell	core	132	148	6
cell	core	132	149	9
cell	core	132	152	6
cell	core	132	153	9
cell	core	132	154	8
cell	core	132	155	8
cell	core	132	156	8
cell	core	132	157	2
cell	core	133	114	4
cell	core	133	115	3
cell	core	133	116	7
cell	core	133	117	4
cell	core	133	118	9
cell	core	133	119	9
cell	core	133	120	9
cell	core	133	121	9
cell	core	133	122	9
cell	core	133	123	5
cell	core	133	124	11
cell	core	133	125	8
cell	core	133	126	10
cell	core	133	127	8
cell	core	133	128	6
cell	core	133	129	7
cell	core	133	130	4
cell	core	133	131	11
cell	core	133	132	10
cell	core	133	133	13
cell	core	133	134	10
cell	core	133	135	11
cell	core	133	136	13
cell	core	133	137	13
cell	core	133	138	10
cell	core	133	139	6
cell	core	133	140	1
cell	core	133	141	8
cell	core	133	142	5
cell	core	133	143	5
cell	core	133	144	2
cell	core	133	145	7
cell	core	133	146	14
cell	core	133	147	6
cell	core	133	148	4
cell	core	133	149	4
cell	core	133	152	6
cell	core	133	153	8
cell	core	133	154	8
cell	core	133	155	8
cell	core	133	156	2
cell	core	134	114	8
cell	core	134	115	6
cell	core	134	116	13
cell	core	134	117	5
cell	core	134	118	8
cell	core	134	119	16
cell	core	134	120	6
cell	core	134	121	10
cell	core	134	122	6
cell	core	134	123	3
cell	core	134	124	6
cell	core	134	125	7
cell	core	134	126	11
cell	core	134	127	8
cell	core	134	128	8
cell	core	134	129	4
cell	core	134	130	1
cell	core	134	131	4
cell	core	134	132	5
cell	core	134	133	5
cell	core	134	134	5
cell	core	134	135	6
cell	core	134	136	7
cell	core	134	137	8
cell	core	134	138	6
cell	core	134	139	6
cell	core	134	142	1
cell	core	134	144	8
cell	core	134	145	1
cell	core	134	146	9
cell	core	134	147	6
cell	core	134	148	7
cell	core	134	152	5
cell	core	134	153	8
cell	core	134	154	6
cell	core	134	155	8
cell	core	134	156	4
cell	core	135	115	8
cell	core	135	116	8
cell	core	135	117	6
cell	core	135	118	6
cell	core	135	119	9
cell	core	135	120	9
cell	core	135	121	14
cell	core	135	122	7
cell	core	135	123	6
cell	core	135	124	8
cell	core	135	125	13
cell	core	135	126	5
cell	core	135	127	6
cell	core	135	128	6
cell	core	135	130	6
cell	core	135	131	4
cell	core	135	132	8
cell	core	135	133	7
cell	core	135	134	8
cell	core	135	135	8
cell	core	135	136	8
cell	core	135	137	9
cell	core	135	138	8
cell	core	135	139	6
cell	core	135	140	8
cell	core	135	141	8
cell	core	135	145	7
cell	core	135	147	3
cell	core	135	148	6
cell	core	135	152	4
cell	core	135	153	1
cell	core	135	154	6
cell	core	135	155	6
cell	core	136	115	6
cell	core	136	116	13
cell	core	136	117	6
cell	core	136	118	8
cell	core	136	119	8
cell	core	136	120	6
cell	core	136	121	2
cell	core	136	122	16
cell	core	136	123	16
cell	core	136	124	8
cell	core	136	125	8
cell	core	136	126	11
cell	core	136	127	13
cell	core	136	128	9
cell	core	136	129	1
cell	core	136	130	2
cell	core	136	131	1
cell	core	136	132	4
cell	core	136	133	3
cell	core	136	134	1
cell	core	136	135	3
cell	core	136	136	4
cell	core	136	137	2
cell	core	136	138	3
cell	core	136	139	3
cell	core	136	140	1
cell	core	136	141	5
cell	core	136	142	4
cell	core	136	143	1
cell	core	136	144	1
cell	core	136	152	6
cell	core	136	155	4
cell	core	137	115	8
cell	core	137	116	4
cell	core	137	117	5
cell	core	137	118	7
cell	core	137	120	1
cell	core	137	121	6
cell	core	137	122	8
cell	core	137	123	4
cell	core	137	124	13
cell	core	137	125	13
cell	core	137	126	6
cell	core	137	127	5
cell	core	137	128	6
cell	core	137	131	8
cell	core	137	132	8
cell	core	137	133	6
cell	core	137	134	4
cell	core	137	135	8
cell	core	137	136	8
cell	core	137	137	8
cell	core	137	138	8
cell	core	137	139	8
cell	core	137	140	8
cell	core	137	141	6
cell	core	137	142	6
cell	core	137	143	4
cell	core	137	152	3
cell	core	138	115	4
cell	core	138	116	4
cell	core	138	117	8
cell	core	138	118	8
cell	core	138	122	3
cell	core	138	123	2
cell	core	138	124	5
cell	core	138	125	6
cell	core	138	126	5
cell	core	138	127	6
cell	core	138	132	6
cell	core	138	134	7
cell	core	138	135	6
cell	core	138	136	6
cell	core	138	137	6
cell	core	138	138	8
cell	core	138	139	8
cell	core	138	140	16
cell	core	138	141	12
cell	core	138	142	8
cell	core	138	143	8
cell	core	138	144	4
cell	core	138	147	12
cell	core	138	148	4
cell	core	138	152	6
cell	core	138	153	3
cell	core	138	155	4
cell	core	138	156	4
cell	core	139	115	8
cell	core	139	116	8
cell	core	139	122	4
cell	core	139	125	1
cell	core	139	126	6
cell	core	139	127	12
cell	core	139	132	3
cell	core	139	135	2
cell	core	139	136	6
cell	core	139	137	6
cell	core	139	138	6
cell	core	139	139	5
cell	core	139	140	8
cell	core	139	141	8
cell	core	139	142	3
cell	core	139	144	2
cell	core	139	147	2
cell	core	139	151	2
cell	core	139	155	8
cell	core	139	156	5
cell	core	140	115	3
cell	core	140	117	4
cell	core	140	118	8
cell	core	140	119	4
cell	core	140	120	7
cell	core	140	121	6
cell	core	140	122	13
cell	core	140	123	4
cell	core	140	124	6
cell	core	140	125	13
cell	core	140	126	8
cell	core	140	127	16
cell	core	140	128	8
cell	core	140	129	6
cell	core	140	130	2
cell	core	140	131	9
cell	core	140	132	4
cell	core	140	134	12
cell	core	140	135	14
cell	core	140	136	8
cell	core	140	137	1
cell	core	140	138	12
cell	core	140	140	8
cell	core	140	141	8
cell	core	140	142	4
cell	core	140	144	16
cell	core	140	145	12
cell	core	140	146	6
cell	core	140	147	8
cell	core	140	149	8
cell	core	140	150	2
cell	core	140	151	8
cell	core	140	152	3
cell	core	140	153	4
cell	core	140	154	5
cell	core	140	155	8
cell	core	140	156	6
cell	core	140	157	8
cell	core	140	158	4
cell	core	141	115	12
cell	core	141	116	4
cell	core	141	117	4
cell	core	141	118	8
cell	core	141	119	6
cell	core	141	120	8
cell	core	141	121	2
cell	core	141	122	1
cell	core	141	123	1
cell	core	141	124	12
cell	core	141	125	6
cell	core	141	126	8
cell	core	141	127	7
cell	core	141	128	8
cell	core	141	130	6
cell	core	141	131	4
cell	core	141	132	2
cell	core	141	133	2
cell	core	141	134	6
cell	core	141	135	7
cell	core	141	136	8
cell	core	141	137	8
cell	core	141	138	6
cell	core	141	140	8
cell	core	141	141	4
cell	core	141	142	3
cell	core	141	144	8
cell	core	141	146	2
cell	core	141	147	4
cell	core	141	148	6
cell	core	141	149	8
cell	core	141	150	4
cell	core	141	151	8
cell	core	141	152	8
cell	core	141	153	2
cell	core	141	154	8
cell	core	141	155	6
cell	core	141	156	8
cell	core	141	157	8
cell	core	141	158	8
cell	core	142	115	6
cell	core	142	116	8
cell	core	142	117	6
cell	core	142	118	10
cell	core	142	119	16
cell	core	142	120	4
cell	core	142	121	6
cell	core	142	124	2
cell	core	142	125	8
cell	core	142	126	16
cell	core	142	127	4
cell	core	142	128	8
cell	core	142	130	4
cell	core	142	134	8
cell	core	142	135	6
cell	core	142	136	4
cell	core	142	137	4
cell	core	142	140	4
cell	core	142	141	3
cell	core	142	142	4
cell	core	142	143	8
cell	core	142	144	4
cell	core	142	145	2
cell	core	142	146	1
cell	core	142	147	8
cell	core	142	148	4
cell	core	142	149	8
cell	core	142	152	3
cell	core	142	153	4
cell	core	142	154	7
cell	core	142	155	8
cell	core	142	156	8
cell	core	142	157	8
cell	core	142	158	8
cell	core	143	115	4
cell	core	143	116	1
cell	core	143	117	6
cell	core	143	118	8
cell	core	143	119	6
cell	core	143	120	8
cell	core	143	121	1
cell	core	143	124	2
cell	core	143	125	16
cell	core	143	126	4
cell	core	143	127	16
cell	core	143	128	9
cell	core	143	129	4
cell	core	143	130	2
cell	core	143	135	3
cell	core	143	137	2
cell	core	143	147	4
cell	core	143	148	2
cell	core	143	149	4
cell	core	143	152	4
cell	core	143	153	8
cell	core	143	154	8
cell	core	143	155	2
cell	core	143	156	4
cell	core	143	157	4
cell	core	143	158	7
cell	core	144	117	2
cell	core	144	118	9
cell	core	144	119	2
cell	core	144	120	4
cell	core	144	125	8
cell	core	144	126	8
cell	core	144	127	16
cell	core	144	128	2
cell	core	144	129	7
cell	core	144	154	8
cell	core	144	155	8
cell	core	144	158	6
cell	core	145	125	8
cell	core	145	126	8
cell	core	145	127	8
cell	core	145	128	4
cell	core	145	129	2
cell	core	145	154	3
cell	core	145	155	4
cell	core	146	126	16
cell	core	146	127	6
cell	core	146	128	8
cell	core	146	129	8
cell	core	147	127	2
cell	core	147	129	4
cell	core	93	147	4
cell	core	93	148	5
cell	core	93	149	5
cell	core	93	150	5
cell	core	93	151	5
cell	core	93	152	5
cell	core	93	153	5
cell	core	93	154	5
cell	core	93	155	5
cell	core	93	156	5
cell	core	93	157	5
cell	core	93	158	5
cell	core	98	143	12
cell	core	98	147	2
cell	core	98	149	8
cell	core	98	150	2
cell	core	99	143	6
cell	core	99	150	6
cell	crossing	100	124	7
cell	crossing	100	126	9
cell	crossing	100	127	9
cell	crossing	101	124	6
cell	crossing	101	125	14
cell	crossing	101	126	7
cell	crossing	101	127	7
cell	crossing	101	129	7
cell	crossing	101	130	1
cell	crossing	101	131	6
cell	crossing	102	124	2
cell	crossing	102	125	4
cell	crossing	102	126	14
cell	crossing	102	127	9
cell	crossing	102	128	14
cell	crossing	103	127	6
cell	crossing	104	123	14
cell	crossing	104	124	5
cell	crossing	104	125	9
cell	crossing	104	127	2
cell	crossing	104	130	9
cell	crossing	104	131	9
cell	crossing	104	132	9
cell	crossing	105	123	7
cell	crossing	105	124	6
cell	crossing	105	125	14
cell	crossing	106	124	2
cell	crossing	110	132	5
cell	crossing	111	130	14
cell	crossing	111	131	5
cell	crossing	111	132	6
cell	crossing	112	128	9
cell	crossing	112	130	14
cell	crossing	112	131	5
cell	crossing	112	132	4
cell	crossing	112	133	2
cell	crossing	113	131	7
cell	crossing	113	132	6
cell	crossing	113	133	12
cell	crossing	114	131	4
cell	crossing	114	132	14
cell	crossing	115	131	2
cell	crossing	116	129	2
cell	crossing	116	130	9
cell	crossing	116	131	9
cell	crossing	116	132	9
cell	crossing	118	130	4
cell	crossing	118	131	8
cell	crossing	92	126	1
cell	crossing	94	126	2
cell	crossing	99	124	14
cell	ethernet	0	100	2
cell	ethernet	0	107	7
cell	ethernet	0	108	8
cell	ethernet	0	99	9
cell	ethernet	1	100	6
cell	ethernet	1	101	7
cell	ethernet	1	106	7
cell	ethernet	1	107	8
cell	ethernet	1	108	7
cell	ethernet	1	109	4
cell	ethernet	1	99	9
cell	ethernet	10	100	9
cell	ethernet	10	101	9
cell	ethernet	10	102	5
cell	ethernet	10	103	5
cell	ethernet	10	104	5
cell	ethernet	10	105	5
cell	ethernet	10	106	5
cell	ethernet	10	107	5
cell	ethernet	10	108	5
cell	ethernet	10	109	5
cell	ethernet	10	110	5
cell	ethernet	10	111	5
cell	ethernet	10	112	5
cell	ethernet	10	113	5
cell	ethernet	10	114	5
cell	ethernet	10	90	5
cell	ethernet	10	91	5
cell	ethernet	10	92	5
cell	ethernet	10	93	5
cell	ethernet	10	94	5
cell	ethernet	10	95	5
cell	ethernet	10	96	5
cell	ethernet	10	97	5
cell	ethernet	10	98	5
cell	ethernet	10	99	5
cell	ethernet	11	103	6
cell	ethernet	11	104	5
cell	ethernet	11	108	4
cell	ethernet	11	111	6
cell	ethernet	11	112	10
cell	ethernet	11	113	9
cell	ethernet	11	92	7
cell	ethernet	11	93	7
cell	ethernet	11	94	7
cell	ethernet	11	97	3
cell	ethernet	11	99	7
cell	ethernet	12	100	5
cell	ethernet	12	103	5
cell	ethernet	12	104	5
cell	ethernet	12	105	5
cell	ethernet	12	106	4
cell	ethernet	12	107	4
cell	ethernet	12	108	1
cell	ethernet	12	109	3
cell	ethernet	12	112	5
cell	ethernet	12	113	5
cell	ethernet	12	114	5
cell	ethernet	12	115	5
cell	ethernet	12	90	5
cell	ethernet	12	91	5
cell	ethernet	12	92	5
cell	ethernet	12	93	5
cell	ethernet	12	94	5
cell	ethernet	12	96	5
cell	ethernet	12	97	5
cell	ethernet	12	98	5
cell	ethernet	12	99	5
cell	ethernet	13	112	9
cell	ethernet	13	113	10
cell	ethernet	13	114	6
cell	ethernet	13	97	7
cell	ethernet	13	98	7
cell	ethernet	14	100	5
cell	ethernet	14	102	5
cell	ethernet	14	103	5
cell	ethernet	14	104	5
cell	ethernet	14	105	5
cell	ethernet	14	106	5
cell	ethernet	14	107	5
cell	ethernet	14	108	5
cell	ethernet	14	109	5
cell	ethernet	14	110	5
cell	ethernet	14	111	5
cell	ethernet	14	112	5
cell	ethernet	14	113	5
cell	ethernet	14	114	5
cell	ethernet	14	89	5
cell	ethernet	14	90	5
cell	ethernet	14	91	5
cell	ethernet	14	92	5
cell	ethernet	14	93	5
cell	ethernet	14	94	5
cell	ethernet	14	95	5
cell	ethernet	14	96	5
cell	ethernet	14	97	5
cell	ethernet	14	98	5
cell	ethernet	14	99	5
cell	ethernet	15	103	4
cell	ethernet	15	104	6
cell	ethernet	15	110	6
cell	ethernet	15	111	3
cell	ethernet	15	114	3
cell	ethernet	15	91	7
cell	ethernet	15	98	7
cell	ethernet	16	101	5
cell	ethernet	16	102	5
cell	ethernet	16	103	5
cell	ethernet	16	104	5
cell	ethernet	16	105	5
cell	ethernet	16	107	5
cell	ethernet	16	108	5
cell	ethernet	16	109	5
cell	ethernet	16	110	5
cell	ethernet	16	111	5
cell	ethernet	16	112	5
cell	ethernet	16	113	5
cell	ethernet	16	114	5
cell	ethernet	16	115	5
cell	ethernet	16	89	5
cell	ethernet	16	90	5
cell	ethernet	16	91	5
cell	ethernet	16	92	5
cell	ethernet	16	93	5
cell	ethernet	16	94	5
cell	ethernet	16	95	5
cell	ethernet	16	96	5
cell	ethernet	16	97	5
cell	ethernet	16	98	5
cell	ethernet	16	99	5
cell	ethernet	17	102	6
cell	ethernet	17	104	2
cell	ethernet	17	107	6
cell	ethernet	17	113	6
cell	ethernet	17	91	7
cell	ethernet	18	100	5
cell	ethernet	18	101	5
cell	ethernet	18	102	5
cell	ethernet	18	103	5
cell	ethernet	18	104	5
cell	ethernet	18	105	5
cell	ethernet	18	106	5
cell	ethernet	18	107	5
cell	ethernet	18	108	5
cell	ethernet	18	109	5
cell	ethernet	18	110	5
cell	ethernet	18	111	5
cell	ethernet	18	112	5
cell	ethernet	18	113	5
cell	ethernet	18	114	5
cell	ethernet	18	115	5
cell	ethernet	18	89	5
cell	ethernet	18	90	5
cell	ethernet	18	91	5
cell	ethernet	18	92	5
cell	ethernet	18	93	5
cell	ethernet	18	94	5
cell	ethernet	18	95	5
cell	ethernet	18	96	5
cell	ethernet	18	97	5
cell	ethernet	18	98	5
cell	ethernet	18	99	5
cell	ethernet	19	97	7
cell	ethernet	19	98	7
cell	ethernet	2	100	5
cell	ethernet	2	101	9
cell	ethernet	2	103	5
cell	ethernet	2	104	5
cell	ethernet	2	105	5
cell	ethernet	2	106	5
cell	ethernet	2	107	5
cell	ethernet	2	108	5
cell	ethernet	2	109	5
cell	ethernet	2	112	5
cell	ethernet	2	113	5
cell	ethernet	2	114	5
cell	ethernet	2	88	5
cell	ethernet	2	89	5
cell	ethernet	2	90	5
cell	ethernet	2	91	5
cell	ethernet	2	92	5
cell	ethernet	2	93	5
cell	ethernet	2	94	5
cell	ethernet	2	95	5
cell	ethernet	2	96	5
cell	ethernet	2	97	5
cell	ethernet	2	98	5
cell	ethernet	2	99	5
cell	ethernet	20	90	5
cell	ethernet	20	91	5
cell	ethernet	20	92	5
cell	ethernet	20	95	5
cell	ethernet	20	96	5
cell	ethernet	20	97	5
cell	ethernet	20	98	5
cell	ethernet	20	99	5
cell	ethernet	22	96	5
cell	ethernet	22	97	5
cell	ethernet	22	98	5
cell	ethernet	22	99	5
cell	ethernet	3	100	7
cell	ethernet	3	101	7
cell	ethernet	3	106	9
cell	ethernet	3	107	8
cell	ethernet	3	108	8
cell	ethernet	3	109	7
cell	ethernet	3	91	7
cell	ethernet	3	92	7
cell	ethernet	3	93	7
cell	ethernet	3	95	3
cell	ethernet	3	96	8
cell	ethernet	3	97	5
cell	ethernet	3	98	4
cell	ethernet	3	99	4
cell	ethernet	4	100	9
cell	ethernet	4	101	16
cell	ethernet	4	102	2
cell	ethernet	4	103	4
cell	ethernet	4	104	7
cell	ethernet	4	107	6
cell	ethernet	4	108	7
cell	ethernet	4	113	3
cell	ethernet	4	93	9
cell	ethernet	4	94	4
cell	ethernet	4	95	7
cell	ethernet	4	96	5
cell	ethernet	4	97	6
cell	ethernet	4	98	1
cell	ethernet	4	99	7
cell	ethernet	5	100	5
cell	ethernet	5	101	8
cell	ethernet	5	102	2
cell	ethernet	5	103	1
cell	ethernet	5	104	7
cell	ethernet	5	107	5
cell	ethernet	5	108	8
cell	ethernet	5	110	1
cell	ethernet	5	111	3
cell	ethernet	5	113	6
cell	ethernet	5	93	3
cell	ethernet	5	94	6
cell	ethernet	5	95	5
cell	ethernet	5	96	6
cell	ethernet	5	97	5
cell	ethernet	5	98	2
cell	ethernet	5	99	8
cell	ethernet	6	100	5
cell	ethernet	6	101	5
cell	ethernet	6	102	5
cell	ethernet	6	103	5
cell	ethernet	6	104	5
cell	ethernet	6	105	5
cell	ethernet	6	106	5
cell	ethernet	6	107	5
cell	ethernet	6	108	5
cell	ethernet	6	109	5
cell	ethernet	6	110	5
cell	ethernet	6	111	5
cell	ethernet	6	112	5
cell	ethernet	6	113	5
cell	ethernet	6	114	5
cell	ethernet	6	115	5
cell	ethernet	6	89	5
cell	ethernet	6	90	5
cell	ethernet	6	91	5
cell	ethernet	6	92	5
cell	ethernet	6	93	5
cell	ethernet	6	94	5
cell	ethernet	6	95	5
cell	ethernet	6	96	5
cell	ethernet	6	97	5
cell	ethernet	6	98	5
cell	ethernet	6	99	7
cell	ethernet	7	100	3
cell	ethernet	7	102	16
cell	ethernet	7	104	6
cell	ethernet	7	105	4
cell	ethernet	7	107	3
cell	ethernet	7	108	6
cell	ethernet	7	109	7
cell	ethernet	7	110	5
cell	ethernet	7	111	7
cell	ethernet	7	112	1
cell	ethernet	7	113	9
cell	ethernet	7	91	2
cell	ethernet	7	92	1
cell	ethernet	7	93	10
cell	ethernet	7	95	4
cell	ethernet	7	96	1
cell	ethernet	7	97	2
cell	ethernet	7	98	7
cell	ethernet	7	99	7
cell	ethernet	8	100	7
cell	ethernet	8	102	5
cell	ethernet	8	103	5
cell	ethernet	8	104	5
cell	ethernet	8	105	2
cell	ethernet	8	106	5
cell	ethernet	8	107	5
cell	ethernet	8	108	5
cell	ethernet	8	109	5
cell	ethernet	8	110	5
cell	ethernet	8	111	5
cell	ethernet	8	112	5
cell	ethernet	8	113	5
cell	ethernet	8	114	3
cell	ethernet	8	90	2
cell	ethernet	8	91	4
cell	ethernet	8	92	4
cell	ethernet	8	93	1
cell	ethernet	8	94	2
cell	ethernet	8	96	5
cell	ethernet	8	97	5
cell	ethernet	8	98	5
cell	ethernet	8	99	5
cell	ethernet	9	100	10
cell	ethernet	9	105	1
cell	ethernet	9	107	6
cell	ethernet	9	108	5
cell	ethernet	9	109	1
cell	ethernet	9	110	7
cell	ethernet	9	111	6
cell	ethernet	9	112	5
cell	ethernet	9	113	4
cell	ethernet	9	96	3
cell	ethernet	9	97	4
cell	ethernet	9	98	4
cell	ethernet	9	99	6
cell	memory	122	173	8
cell	memory	122	174	3
cell	memory	123	173	4
cell	memory	123	174	4
cell	memory	123	175	1
cell	memory	124	170	6
cell	memory	124	173	6
cell	memory	124	174	8
cell	memory	124	175	8
cell	memory	124	176	8
cell	memory	125	169	3
cell	memory	125	170	11
cell	memory	125	171	9
cell	memory	125	174	9
cell	memory	125	175	9
cell	memory	126	168	1
cell	memory	126	169	5
cell	memory	126	170	8
cell	memory	126	171	4
cell	memory	126	172	5
cell	memory	126	173	6
cell	memory	126	174	4
cell	memory	126	177	2
cell	memory	126	178	1
cell	memory	126	182	3
cell	memory	127	166	6
cell	memory	127	168	4
cell	memory	127	169	7
cell	memory	127	170	7
cell	memory	127	171	7
cell	memory	127	172	8
cell	memory	127	173	6
cell	memory	127	174	8
cell	memory	127	177	4
cell	memory	127	178	4
cell	memory	127	182	4
cell	memory	128	161	2
cell	memory	128	163	4
cell	memory	128	165	7
cell	memory	128	166	14
cell	memory	128	167	2
cell	memory	128	168	3
cell	memory	128	169	6
cell	memory	128	170	8
cell	memory	128	171	5
cell	memory	128	172	5
cell	memory	128	173	3
cell	memory	128	174	8
cell	memory	128	176	3
cell	memory	128	177	14
cell	memory	128	178	8
cell	memory	128	179	8
cell	memory	128	180	10
cell	memory	128	181	2
cell	memory	128	182	12
cell	memory	128	183	8
cell	memory	129	161	16
cell	memory	129	162	4
cell	memory	129	163	1
cell	memory	129	165	6
cell	memory	129	166	7
cell	memory	129	167	8
cell	memory	129	169	2
cell	memory	129	170	7
cell	memory	129	172	2
cell	memory	129	176	5
cell	memory	129	177	8
cell	memory	129	178	10
cell	memory	129	179	3
cell	memory	129	180	6
cell	memory	129	181	8
cell	memory	129	182	2
cell	memory	129	183	3
cell	memory	129	185	4
cell	memory	130	160	1
cell	memory	130	161	4
cell	memory	130	162	16
cell	memory	130	163	5
cell	memory	130	164	2
cell	memory	130	165	4
cell	memory	130	166	7
cell	memory	130	167	4
cell	memory	130	168	8
cell	memory	130	169	11
cell	memory	130	170	7
cell	memory	130	171	5
cell	memory	130	172	7
cell	memory	130	174	2
cell	memory	130	176	4
cell	memory	130	177	12
cell	memory	130	178	8
cell	memory	130	179	8
cell	memory	130	180	1
cell	memory	130	181	3
cell	memory	130	182	4
cell	memory	130	183	6
cell	memory	130	184	2
cell	memory	130	185	14
cell	memory	130	186	4
cell	memory	131	160	1
cell	memory	131	161	4
cell	memory	131	162	10
cell	memory	131	163	11
cell	memory	131	164	4
cell	memory	131	165	10
cell	memory	131	166	4
cell	memory	131	167	4
cell	memory	131	169	5
cell	memory	131	170	6
cell	memory	131	171	7
cell	memory	131	172	11
cell	memory	131	173	1
cell	memory	131	175	2
cell	memory	131	176	4
cell	memory	131	177	6
cell	memory	131	178	12
cell	memory	131	179	6
cell	memory	131	180	6
cell	memory	131	181	6
cell	memory	131	182	5
cell	memory	131	183	6
cell	memory	131	184	5
cell	memory	131	185	3
cell	memory	131	187	6
cell	memory	132	160	2
cell	memory	132	161	16
cell	memory	132	162	2
cell	memory	132	163	7
cell	memory	132	164	3
cell	memory	132	165	2
cell	memory	132	166	8
cell	memory	132	167	3
cell	memory	132	168	2
cell	memory	132	169	3
cell	memory	132	170	2
cell	memory	132	171	4
cell	memory	132	172	6
cell	memory	132	173	6
cell	memory	132	174	9
cell	memory	132	175	3
cell	memory	132	176	4
cell	memory	132	177	4
cell	memory	132	178	6
cell	memory	132	179	4
cell	memory	132	180	7
cell	memory	132	181	8
cell	memory	132	182	8
cell	memory	132	183	6
cell	memory	132	184	4
cell	memory	132	185	2
cell	memory	132	186	3
cell	memory	132	187	12
cell	memory	133	162	1
cell	memory	133	163	12
cell	memory	133	164	3
cell	memory	133	166	4
cell	memory	133	167	8
cell	memory	133	168	5
cell	memory	133	169	1
cell	memory	133	170	4
cell	memory	133	171	4
cell	memory	133	172	1
cell	memory	133	173	5
cell	memory	133	174	8
cell	memory	133	175	4
cell	memory	133	176	1
cell	memory	133	177	1
cell	memory	133	178	7
cell	memory	133	179	7
cell	memory	133	180	6
cell	memory	133	181	9
cell	memory	133	182	6
cell	memory	133	183	4
cell	memory	133	184	1
cell	memory	133	185	4
cell	memory	133	186	5
cell	memory	133	187	7
cell	memory	134	162	8
cell	memory	134	163	6
cell	memory	134	164	7
cell	memory	134	166	6
cell	memory	134	167	2
cell	memory	134	168	4
cell	memory	134	169	5
cell	memory	134	170	6
cell	memory	134	171	6
cell	memory	134	172	4
cell	memory	134	173	9
cell	memory	134	174	8
cell	memory	134	175	8
cell	memory	134	176	1
cell	memory	134	177	2
cell	memory	134	178	7
cell	memory	134	179	10
cell	memory	134	180	6
cell	memory	134	181	8
cell	memory	134	182	7
cell	memory	134	183	7
cell	memory	134	184	6
cell	memory	134	185	3
cell	memory	134	186	1
cell	memory	135	162	6
cell	memory	135	163	10
cell	memory	135	164	2
cell	memory	135	165	1
cell	memory	135	166	5
cell	memory	135	167	4
cell	memory	135	168	3
cell	memory	135	169	3
cell	memory	135	170	4
cell	memory	135	171	6
cell	memory	135	172	6
cell	memory	135	173	5
cell	memory	135	174	14
cell	memory	135	175	2
cell	memory	135	176	3
cell	memory	135	177	5
cell	memory	135	178	6
cell	memory	135	179	6
cell	memory	135	180	2
cell	memory	135	181	6
cell	memory	135	182	4
cell	memory	135	183	7
cell	memory	135	184	1
cell	memory	135	185	2
cell	memory	136	162	2
cell	memory	136	163	2
cell	memory	136	164	2
cell	memory	136	165	7
cell	memory	136	166	3
cell	memory	136	167	7
cell	memory	136	168	6
cell	memory	136	169	8
cell	memory	136	170	7
cell	memory	136	171	6
cell	memory	136	172	7
cell	memory	136	173	9
cell	memory	136	174	4
cell	memory	136	175	10
cell	memory	136	176	8
cell	memory	136	177	8
cell	memory	136	178	8
cell	memory	136	179	7
cell	memory	136	180	1
cell	memory	136	181	3
cell	memory	136	182	5
cell	memory	136	183	6
cell	memory	136	184	3
cell	memory	136	185	6
cell	memory	136	186	1
cell	memory	137	161	1
cell	memory	137	162	2
cell	memory	137	163	2
cell	memory	137	164	6
cell	memory	137	165	5
cell	memory	137	166	4
cell	memory	137	167	4
cell	memory	137	168	5
cell	memory	137	169	5
cell	memory	137	170	6
cell	memory	137	171	7
cell	memory	137	172	6
cell	memory	137	173	3
cell	memory	137	174	2
cell	memory	137	175	8
cell	memory	137	176	5
cell	memory	137	177	7
cell	memory	137	178	5
cell	memory	137	179	4
cell	memory	137	180	6
cell	memory	137	181	4
cell	memory	137	182	3
cell	memory	137	183	5
cell	memory	137	184	4
cell	memory	137	185	5
cell	memory	137	186	5
cell	memory	138	160	6
cell	memory	138	161	8
cell	memory	138	162	9
cell	memory	138	163	4
cell	memory	138	164	4
cell	memory	138	165	8
cell	memory	138	166	9
cell	memory	138	167	6
cell	memory	138	168	8
cell	memory	138	169	12
cell	memory	138	170	6
cell	memory	138	171	6
cell	memory	138	172	8
cell	memory	138	173	5
cell	memory	138	175	2
cell	memory	138	176	5
cell	memory	138	177	10
cell	memory	138	178	4
cell	memory	138	179	2
cell	memory	138	180	4
cell	memory	138	181	6
cell	memory	138	182	4
cell	memory	138	183	6
cell	memory	138	184	4
cell	memory	138	185	8
cell	memory	138	186	7
cell	memory	138	187	5
cell	memory	138	188	2
cell	memory	139	160	3
cell	memory	139	161	9
cell	memory	139	162	5
cell	memory	139	163	14
cell	memory	139	164	5
cell	memory	139	165	13
cell	memory	139	166	8
cell	memory	139	167	4
cell	memory	139	168	4
cell	memory	139	169	7
cell	memory	139	170	8
cell	memory	139	171	5
cell	memory	139	172	7
cell	memory	139	173	3
cell	memory	139	176	5
cell	memory	139	177	8
cell	memory	139	178	4
cell	memory	139	179	8
cell	memory	139	180	7
cell	memory	139	181	8
cell	memory	139	182	4
cell	memory	139	183	5
cell	memory	139	184	6
cell	memory	139	185	5
cell	memory	139	186	4
cell	memory	139	187	5
cell	memory	140	160	4
cell	memory	140	161	9
cell	memory	140	162	5
cell	memory	140	163	2
cell	memory	140	164	5
cell	memory	140	165	7
cell	memory	140	166	5
cell	memory	140	167	6
cell	memory	140	168	6
cell	memory	140	169	6
cell	memory	140	170	7
cell	memory	140	171	5
cell	memory	140	172	2
cell	memory	140	176	5
cell	memory	140	177	8
cell	memory	140	178	9
cell	memory	140	179	6
cell	memory	140	180	8
cell	memory	140	181	4
cell	memory	140	182	2
cell	memory	140	183	8
cell	memory	140	184	9
cell	memory	140	185	7
cell	memory	140	186	8
cell	memory	140	187	5
cell	memory	141	149	1
cell	memory	141	159	16
cell	memory	141	160	5
cell	memory	141	161	7
cell	memory	141	162	5
cell	memory	141	163	8
cell	memory	141	164	8
cell	memory	141	165	6
cell	memory	141	166	7
cell	memory	141	167	7
cell	memory	141	168	6
cell	memory	141	169	3
cell	memory	141	170	6
cell	memory	141	171	5
cell	memory	141	172	8
cell	memory	141	175	1
cell	memory	141	176	9
cell	memory	141	177	7
cell	memory	141	178	6
cell	memory	141	179	5
cell	memory	141	180	7
cell	memory	141	181	5
cell	memory	141	182	7
cell	memory	141	183	1
cell	memory	141	184	6
cell	memory	141	185	5
cell	memory	141	186	7
cell	memory	141	187	4
cell	memory	141	191	2
cell	memory	142	131	4
cell	memory	142	148	4
cell	memory	142	151	6
cell	memory	142	152	2
cell	memory	142	159	12
cell	memory	142	160	7
cell	memory	142	161	9
cell	memory	142	162	6
cell	memory	142	163	7
cell	memory	142	164	3
cell	memory	142	165	2
cell	memory	142	166	3
cell	memory	142	167	6
cell	memory	142	168	7
cell	memory	142	169	8
cell	memory	142	170	6
cell	memory	142	171	12
cell	memory	142	172	8
cell	memory	142	173	4
cell	memory	142	174	6
cell	memory	142	175	3
cell	memory	142	176	3
cell	memory	142	177	8
cell	memory	142	178	10
cell	memory	142	179	6
cell	memory	142	180	8
cell	memory	142	181	6
cell	memory	142	182	7
cell	memory	142	183	3
cell	memory	142	184	5
cell	memory	142	185	8
cell	memory	142	186	13
cell	memory	142	187	4
cell	memory	142	190	8
cell	memory	142	191	8
cell	memory	142	192	1
cell	memory	142	193	1
cell	memory	142	194	1
cell	memory	143	131	3
cell	memory	143	151	2
cell	memory	143	152	1
cell	memory	143	159	4
cell	memory	143	160	1
cell	memory	143	161	8
cell	memory	143	162	7
cell	memory	143	163	8
cell	memory	143	164	4
cell	memory	143	165	5
cell	memory	143	166	8
cell	memory	143	167	6
cell	memory	143	168	2
cell	memory	143	169	8
cell	memory	143	170	6
cell	memory	143	171	8
cell	memory	143	172	2
cell	memory	143	173	5
cell	memory	143	174	4
cell	memory	143	175	5
cell	memory	143	176	3
cell	memory	143	177	4
cell	memory	143	178	5
cell	memory	143	180	6
cell	memory	143	181	2
cell	memory	143	182	4
cell	memory	143	183	4
cell	memory	143	184	6
cell	memory	143	185	2
cell	memory	143	186	7
cell	memory	143	187	4
cell	memory	143	190	10
cell	memory	143	191	14
cell	memory	143	192	2
cell	memory	143	193	4
cell	memory	143	194	2
cell	memory	144	130	5
cell	memory	144	131	4
cell	memory	144	135	2
cell	memory	144	142	2
cell	memory	144	143	7
cell	memory	144	144	6
cell	memory	144	145	6
cell	memory	144	146	5
cell	memory	144	147	7
cell	memory	144	149	1
cell	memory	144	150	2
cell	memory	144	151	9
cell	memory	144	152	8
cell	memory	144	153	8
cell	memory	144	156	8
cell	memory	144	157	4
cell	memory	144	158	2
cell	memory	144	159	5
cell	memory	144	160	9
cell	memory	144	161	6
cell	memory	144	162	6
cell	memory	144	163	2
cell	memory	144	164	8
cell	memory	144	165	6
cell	memory	144	166	7
cell	memory	144	167	4
cell	memory	144	168	5
cell	memory	144	169	8
cell	memory	144	170	4
cell	memory	144	173	5
cell	memory	144	174	4
cell	memory	144	175	5
cell	memory	144	176	6
cell	memory	144	177	6
cell	memory	144	178	7
cell	memory	144	180	8
cell	memory	144	181	8
cell	memory	144	182	7
cell	memory	144	183	10
cell	memory	144	184	6
cell	memory	144	185	5
cell	memory	144	186	3
cell	memory	144	187	8
cell	memory	144	188	4
cell	memory	144	189	8
cell	memory	144	190	8
cell	memory	144	191	10
cell	memory	144	192	4
cell	memory	144	193	4
cell	memory	144	194	2
cell	memory	144	195	4
cell	memory	145	130	4
cell	memory	145	131	3
cell	memory	145	132	2
cell	memory	145	133	2
cell	memory	145	134	1
cell	memory	145	135	1
cell	memory	145	136	1
cell	memory	145	137	1
cell	memory	145	138	1
cell	memory	145	142	3
cell	memory	145	143	6
cell	memory	145	144	4
cell	memory	145	145	5
cell	memory	145	146	5
cell	memory	145	147	5
cell	memory	145	148	4
cell	memory	145	151	7
cell	memory	145	153	6
cell	memory	145	156	2
cell	memory	145	158	6
cell	memory	145	159	13
cell	memory	145	160	5
cell	memory	145	161	8
cell	memory	145	162	8
cell	memory	145	163	1
cell	memory	145	164	7
cell	memory	145	165	9
cell	memory	145	166	7
cell	memory	145	167	1
cell	memory	145	168	5
cell	memory	145	169	8
cell	memory	145	170	7
cell	memory	145	173	8
cell	memory	145	174	8
cell	memory	145	175	7
cell	memory	145	176	8
cell	memory	145	177	6
cell	memory	145	178	6
cell	memory	145	180	7
cell	memory	145	181	3
cell	memory	145	182	3
cell	memory	145	183	4
cell	memory	145	184	8
cell	memory	145	185	7
cell	memory	145	186	8
cell	memory	145	187	6
cell	memory	145	188	4
cell	memory	145	189	6
cell	memory	145	190	4
cell	memory	145	191	8
cell	memory	145	192	4
cell	memory	145	193	2
cell	memory	145	194	3
cell	memory	145	195	1
cell	memory	146	130	5
cell	memory	146	131	1
cell	memory	146	132	2
cell	memory	146	133	1
cell	memory	146	134	1
cell	memory	146	135	1
cell	memory	146	136	8
cell	memory	146	138	4
cell	memory	146	140	4
cell	memory	146	141	4
cell	memory	146	142	1
cell	memory	146	143	1
cell	memory	146	144	1
cell	memory	146	145	1
cell	memory	146	146	1
cell	memory	146	147	2
cell	memory	146	148	4
cell	memory	146	149	3
cell	memory	146	150	14
cell	memory	146	151	12
cell	memory	146	152	6
cell	memory	146	153	6
cell	memory	146	154	2
cell	memory	146	156	8
cell	memory	146	157	6
cell	memory	146	158	1
cell	memory	146	159	10
cell	memory	146	160	8
cell	memory	146	161	8
cell	memory	146	162	3
cell	memory	146	163	4
cell	memory	146	164	6
cell	memory	146	165	6
cell	memory	146	166	12
cell	memory	146	167	7
cell	memory	146	168	5
cell	memory	146	169	12
cell	memory	146	170	7
cell	memory	146	171	3
cell	memory	146	172	1
cell	memory	146	173	8
cell	memory	146	174	9
cell	memory	146	175	7
cell	memory	146	176	8
cell	memory	146	177	8
cell	memory	146	178	8
cell	memory	146	179	5
cell	memory	146	180	2
cell	memory	146	181	4
cell	memory	146	182	8
cell	memory	146	184	6
cell	memory	146	185	1
cell	memory	146	186	4
cell	memory	146	187	8
cell	memory	146	188	6
cell	memory	146	190	8
cell	memory	146	191	8
cell	memory	146	192	8
cell	memory	146	193	5
cell	memory	146	195	1
cell	memory	146	196	1
cell	memory	147	130	4
cell	memory	147	132	2
cell	memory	147	133	8
cell	memory	147	134	8
cell	memory	147	135	8
cell	memory	147	136	8
cell	memory	147	137	4
cell	memory	147	138	2
cell	memory	147	139	2
cell	memory	147	140	2
cell	memory	147	141	8
cell	memory	147	142	7
cell	memory	147	143	8
cell	memory	147	144	7
cell	memory	147	145	7
cell	memory	147	146	7
cell	memory	147	147	6
cell	memory	147	148	5
cell	memory	147	149	1
cell	memory	147	150	4
cell	memory	147	151	9
cell	memory	147	152	8
cell	memory	147	153	6
cell	memory	147	156	5
cell	memory	147	159	8
cell	memory	147	160	8
cell	memory	147	161	8
cell	memory	147	162	8
cell	memory	147	163	6
cell	memory	147	164	5
cell	memory	147	165	5
cell	memory	147	166	7
cell	memory	147	167	5
cell	memory	147	168	8
cell	memory	147	169	8
cell	memory	147	170	9
cell	memory	147	171	3
cell	memory	147	172	6
cell	memory	147	173	8
cell	memory	147	174	8
cell	memory	147	175	9
cell	memory	147	176	5
cell	memory	147	177	7
cell	memory	147	178	10
cell	memory	147	179	3
cell	memory	147	181	2
cell	memory	147	182	2
cell	memory	147	184	6
cell	memory	147	186	2
cell	memory	147	187	3
cell	memory	147	188	8
cell	memory	147	189	1
cell	memory	147	190	10
cell	memory	147	191	8
cell	memory	147	192	4
cell	memory	147	193	1
cell	memory	147	194	3
cell	memory	147	195	3
cell	memory	147	198	2
cell	memory	147	199	3
cell	memory	147	200	5
cell	memory	148	132	5
cell	memory	148	133	1
cell	memory	148	134	8
cell	memory	148	135	8
cell	memory	148	136	7
cell	memory	148	137	3
cell	memory	148	138	3
cell	memory	148	139	4
cell	memory	148	140	7
cell	memory	148	141	3
cell	memory	148	142	7
cell	memory	148	143	7
cell	memory	148	144	8
cell	memory	148	145	3
cell	memory	148	146	8
cell	memory	148	149	6
cell	memory	148	150	4
cell	memory	148	151	10
cell	memory	148	152	14
cell	memory	148	153	8
cell	memory	148	154	2
cell	memory	148	155	8
cell	memory	148	156	8
cell	memory	148	157	8
cell	memory	148	158	8
cell	memory	148	159	10
cell	memory	148	160	8
cell	memory	148	161	6
cell	memory	148	162	6
cell	memory	148	163	7
cell	memory	148	164	7
cell	memory	148	165	6
cell	memory	148	166	6
cell	memory	148	167	5
cell	memory	148	168	8
cell	memory	148	169	4
cell	memory	148	170	7
cell	memory	148	172	7
cell	memory	148	173	5
cell	memory	148	174	4
cell	memory	148	175	8
cell	memory	148	176	5
cell	memory	148	177	8
cell	memory	148	178	6
cell	memory	148	179	8
cell	memory	148	180	2
cell	memory	148	181	9
cell	memory	148	182	8
cell	memory	148	183	8
cell	memory	148	184	7
cell	memory	148	185	4
cell	memory	148	186	10
cell	memory	148	187	8
cell	memory	148	188	8
cell	memory	148	189	7
cell	memory	148	190	8
cell	memory	148	191	8
cell	memory	148	192	12
cell	memory	148	193	4
cell	memory	148	194	3
cell	memory	148	195	6
cell	memory	148	196	7
cell	memory	148	197	5
cell	memory	148	198	5
cell	memory	148	199	4
cell	memory	148	200	7
cell	memory	148	201	2
cell	memory	149	131	5
cell	memory	149	132	7
cell	memory	149	133	9
cell	memory	149	134	4
cell	memory	149	135	3
cell	memory	149	136	4
cell	memory	149	137	6
cell	memory	149	139	8
cell	memory	149	140	7
cell	memory	149	141	2
cell	memory	149	142	8
cell	memory	149	143	2
cell	memory	149	144	5
cell	memory	149	145	3
cell	memory	149	146	3
cell	memory	149	147	16
cell	memory	149	148	8
cell	memory	149	149	8
cell	memory	149	150	1
cell	memory	149	151	8
cell	memory	149	152	5
cell	memory	149	154	2
cell	memory	149	155	8
cell	memory	149	156	8
cell	memory	149	157	14
cell	memory	149	158	8
cell	memory	149	159	10
cell	memory	149	160	10
cell	memory	149	161	7
cell	memory	149	162	2
cell	memory	149	163	7
cell	memory	149	164	9
cell	memory	149	165	6
cell	memory	149	166	6
cell	memory	149	167	2
cell	memory	149	168	10
cell	memory	149	172	9
cell	memory	149	173	9
cell	memory	149	174	9
cell	memory	149	175	8
cell	memory	149	176	6
cell	memory	149	177	4
cell	memory	149	178	3
cell	memory	149	179	2
cell	memory	149	181	2
cell	memory	149	184	6
cell	memory	149	185	8
cell	memory	149	186	5
cell	memory	149	187	8
cell	memory	149	188	6
cell	memory	149	189	4
cell	memory	149	190	8
cell	memory	149	191	6
cell	memory	149	192	1
cell	memory	149	193	4
cell	memory	149	194	7
cell	memory	149	195	6
cell	memory	149	196	1
cell	memory	149	197	5
cell	memory	149	198	6
cell	memory	149	199	6
cell	memory	149	200	6
cell	memory	150	130	6
cell	memory	150	131	6
cell	memory	150	132	5
cell	memory	150	133	9
cell	memory	150	134	5
cell	memory	150	135	5
cell	memory	150	136	7
cell	memory	150	137	9
cell	memory	150	138	2
cell	memory	150	139	5
cell	memory	150	140	6
cell	memory	150	141	3
cell	memory	150	142	1
cell	memory	150	143	1
cell	memory	150	144	1
cell	memory	150	145	2
cell	memory	150	146	5
cell	memory	150	147	5
cell	memory	150	148	4
cell	memory	150	149	10
cell	memory	150	150	6
cell	memory	150	151	6
cell	memory	150	152	10
cell	memory	150	153	7
cell	memory	150	154	3
cell	memory	150	155	16
cell	memory	150	156	4
cell	memory	150	157	6
cell	memory	150	158	12
cell	memory	150	159	2
cell	memory	150	160	7
cell	memory	150	161	2
cell	memory	150	163	4
cell	memory	150	164	10
cell	memory	150	165	8
cell	memory	150	166	7
cell	memory	150	167	5
cell	memory	150	168	5
cell	memory	150	169	6
cell	memory	150	170	1
cell	memory	150	171	3
cell	memory	150	172	6
cell	memory	150	173	6
cell	memory	150	174	4
cell	memory	150	175	6
cell	memory	150	176	6
cell	memory	150	177	6
cell	memory	150	178	3
cell	memory	150	179	6
cell	memory	150	180	6
cell	memory	150	185	2
cell	memory	150	186	2
cell	memory	150	187	7
cell	memory	150	188	6
cell	memory	150	189	4
cell	memory	150	190	8
cell	memory	150	191	8
cell	memory	150	192	10
cell	memory	150	193	7
cell	memory	150	194	7
cell	memory	150	195	8
cell	memory	150	197	5
cell	memory	150	198	6
cell	memory	150	199	5
cell	memory	150	200	8
cell	memory	150	201	5
cell	memory	151	130	3
cell	memory	151	131	7
cell	memory	151	132	10
cell	memory	151	133	11
cell	memory	151	134	8
cell	memory	151	135	2
cell	memory	151	136	8
cell	memory	151	137	9
cell	memory	151	138	7
cell	memory	151	139	6
cell	memory	151	140	8
cell	memory	151	141	7
cell	memory	151	142	8
cell	memory	151	143	8
cell	memory	151	144	8
cell	memory	151	145	6
cell	memory	151	146	8
cell	memory	151	149	2
cell	memory	151	151	3
cell	memory	151	152	8
cell	memory	151	153	4
cell	memory	151	155	2
cell	memory	151	156	4
cell	memory	151	158	2
cell	memory	151	160	5
cell	memory	151	161	10
cell	memory	151	163	5
cell	memory	151	164	8
cell	memory	151	165	6
cell	memory	151	166	2
cell	memory	151	167	6
cell	memory	151	168	7
cell	memory	151	170	7
cell	memory	151	171	4
cell	memory	151	172	5
cell	memory	151	173	5
cell	memory	151	174	5
cell	memory	151	175	5
cell	memory	151	176	5
cell	memory	151	177	3
cell	memory	151	178	7
cell	memory	151	179	6
cell	memory	151	180	6
cell	memory	151	181	6
cell	memory	151	187	4
cell	memory	151	188	2
cell	memory	151	189	6
cell	memory	151	190	14
cell	memory	151	191	14
cell	memory	151	192	8
cell	memory	151	193	1
cell	memory	151	194	3
cell	memory	151	195	3
cell	memory	151	197	5
cell	memory	151	198	4
cell	memory	151	199	6
cell	memory	151	200	8
cell	memory	151	201	7
cell	memory	152	130	5
cell	memory	152	131	6
cell	memory	152	132	6
cell	memory	152	133	4
cell	memory	152	134	5
cell	memory	152	135	4
cell	memory	152	136	8
cell	memory	152	137	7
cell	memory	152	138	8
cell	memory	152	139	8
cell	memory	152	140	6
cell	memory	152	141	2
cell	memory	152	143	4
cell	memory	152	146	3
cell	memory	152	147	2
cell	memory	152	148	1
cell	memory	152	149	8
cell	memory	152	150	5
cell	memory	152	151	1
cell	memory	152	152	4
cell	memory	152	153	3
cell	memory	152	154	6
cell	memory	152	155	4
cell	memory	152	156	5
cell	memory	152	157	4
cell	memory	152	158	4
cell	memory	152	159	1
cell	memory	152	160	7
cell	memory	152	161	10
cell	memory	152	162	4
cell	memory	152	164	4
cell	memory	152	165	8
cell	memory	152	168	6
cell	memory	152	169	6
cell	memory	152	170	6
cell	memory	152	172	6
cell	memory	152	173	5
cell	memory	152	174	6
cell	memory	152	175	4
cell	memory	152	176	5
cell	memory	152	177	6
cell	memory	152	178	6
cell	memory	152	179	7
cell	memory	152	180	6
cell	memory	152	181	9
cell	memory	152	189	6
cell	memory	152	190	7
cell	memory	152	191	1
cell	memory	152	192	7
cell	memory	152	193	1
cell	memory	152	194	3
cell	memory	152	195	3
cell	memory	152	196	6
cell	memory	152	197	2
cell	memory	152	198	2
cell	memory	152	199	4
cell	memory	152	200	6
cell	memory	153	130	6
cell	memory	153	131	6
cell	memory	153	132	8
cell	memory	153	133	9
cell	memory	153	134	5
cell	memory	153	135	3
cell	memory	153	136	7
cell	memory	153	137	5
cell	memory	153	138	9
cell	memory	153	139	5
cell	memory	153	140	8
cell	memory	153	146	2
cell	memory	153	149	5
cell	memory	153	150	7
cell	memory	153	151	3
cell	memory	153	152	1
cell	memory	153	153	8
cell	memory	153	154	5
cell	memory	153	155	4
cell	memory	153	156	8
cell	memory	153	157	5
cell	memory	153	158	2
cell	memory	153	159	1
cell	memory	153	160	2
cell	memory	153	162	8
cell	memory	153	164	8
cell	memory	153	165	8
cell	memory	153	168	5
cell	memory	153	169	6
cell	memory	153	170	6
cell	memory	153	171	6
cell	memory	153	172	1
cell	memory	153	173	4
cell	memory	153	174	6
cell	memory	153	175	4
cell	memory	153	176	5
cell	memory	153	177	4
cell	memory	153	178	1
cell	memory	153	179	2
cell	memory	153	180	6
cell	memory	153	181	6
cell	memory	153	189	7
cell	memory	153	190	1
cell	memory	153	192	2
cell	memory	153	193	3
cell	memory	153	194	5
cell	memory	153	195	4
cell	memory	153	196	6
cell	memory	153	197	8
cell	memory	153	198	6
cell	memory	153	199	7
cell	memory	153	200	6
cell	memory	154	130	1
cell	memory	154	131	6
cell	memory	154	132	8
cell	memory	154	133	6
cell	memory	154	134	8
cell	memory	154	135	5
cell	memory	154	136	2
cell	memory	154	137	1
cell	memory	154	138	3
cell	memory	154	139	2
cell	memory	154	140	8
cell	memory	154	141	5
cell	memory	154	142	13
cell	memory	154	146	4
cell	memory	154	147	2
cell	memory	154	148	6
cell	memory	154	149	8
cell	memory	154	150	7
cell	memory	154	151	7
cell	memory	154	152	5
cell	memory	154	153	8
cell	memory	154	154	6
cell	memory	154	155	6
cell	memory	154	156	7
cell	memory	154	157	6
cell	memory	154	158	9
cell	memory	154	159	5
cell	memory	154	160	1
cell	memory	154	163	5
cell	memory	154	164	8
cell	memory	154	165	8
cell	memory	154	167	1
cell	memory	154	170	6
cell	memory	154	171	2
cell	memory	154	172	6
cell	memory	154	173	4
cell	memory	154	174	7
cell	memory	154	175	6
cell	memory	154	176	7
cell	memory	154	177	6
cell	memory	154	178	6
cell	memory	154	179	6
cell	memory	154	180	6
cell	memory	154	181	6
cell	memory	154	185	4
cell	memory	154	186	4
cell	memory	154	187	4
cell	memory	154	189	7
cell	memory	154	190	2
cell	memory	154	192	3
cell	memory	154	193	4
cell	memory	154	194	6
cell	memory	154	195	7
cell	memory	154	196	5
cell	memory	154	197	5
cell	memory	154	198	6
cell	memory	154	199	5
cell	memory	154	200	3
cell	memory	154	201	4
cell	memory	155	130	4
cell	memory	155	131	8
cell	memory	155	132	8
cell	memory	155	133	4
cell	memory	155	134	6
cell	memory	155	135	6
cell	memory	155	136	2
cell	memory	155	137	3
cell	memory	155	138	6
cell	memory	155	140	6
cell	memory	155	141	5
cell	memory	155	142	1
cell	memory	155	146	2
cell	memory	155	147	1
cell	memory	155	148	1
cell	memory	155	149	6
cell	memory	155	150	5
cell	memory	155	151	5
cell	memory	155	152	7
cell	memory	155	153	5
cell	memory	155	154	7
cell	memory	155	155	5
cell	memory	155	156	6
cell	memory	155	157	6
cell	memory	155	158	5
cell	memory	155	159	4
cell	memory	155	160	2
cell	memory	155	165	2
cell	memory	155	168	6
cell	memory	155	169	5
cell	memory	155	170	8
cell	memory	155	171	7
cell	memory	155	172	9
cell	memory	155	174	3
cell	memory	155	175	2
cell	memory	155	176	6
cell	memory	155	177	6
cell	memory	155	179	6
cell	memory	155	180	6
cell	memory	155	181	3
cell	memory	155	182	6
cell	memory	155	185	8
cell	memory	155	186	8
cell	memory	155	187	8
cell	memory	155	189	4
cell	memory	155	192	3
cell	memory	155	193	8
cell	memory	155	194	6
cell	memory	155	195	7
cell	memory	155	196	2
cell	memory	155	197	6
cell	memory	155	198	7
cell	memory	155	199	3
cell	memory	155	200	2
cell	memory	155	201	4
cell	memory	156	130	8
cell	memory	156	131	6
cell	memory	156	132	8
cell	memory	156	133	7
cell	memory	156	134	5
cell	memory	156	135	2
cell	memory	156	136	6
cell	memory	156	137	8
cell	memory	156	138	5
cell	memory	156	139	9
cell	memory	156	140	1
cell	memory	156	141	5
cell	memory	156	142	9
cell	memory	156	143	11
cell	memory	156	144	8
cell	memory	156	146	6
cell	memory	156	147	7
cell	memory	156	148	4
cell	memory	156	149	6
cell	memory	156	150	6
cell	memory	156	151	8
cell	memory	156	152	7
cell	memory	156	153	7
cell	memory	156	154	7
cell	memory	156	155	6
cell	memory	156	156	6
cell	memory	156	157	11
cell	memory	156	158	7
cell	memory	156	159	2
cell	memory	156	160	7
cell	memory	156	161	8
cell	memory	156	162	1
cell	memory	156	163	1
cell	memory	156	164	8
cell	memory	156	165	1
cell	memory	156	166	6
cell	memory	156	167	6
cell	memory	156	168	7
cell	memory	156	169	5
cell	memory	156	170	7
cell	memory	156	171	6
cell	memory	156	172	5
cell	memory	156	173	5
cell	memory	156	174	5
cell	memory	156	175	5
cell	memory	156	176	5
cell	memory	156	177	5
cell	memory	156	178	5
cell	memory	156	179	6
cell	memory	156	180	8
cell	memory	156	181	8
cell	memory	156	182	8
cell	memory	156	183	2
cell	memory	156	187	1
cell	memory	156	189	8
cell	memory	156	190	5
cell	memory	156	191	6
cell	memory	156	192	7
cell	memory	156	193	6
cell	memory	156	194	8
cell	memory	156	195	6
cell	memory	156	196	6
cell	memory	156	197	6
cell	memory	156	198	4
cell	memory	156	199	7
cell	memory	156	200	6
cell	memory	156	201	6
cell	memory	156	202	5
cell	memory	157	130	6
cell	memory	157	131	7
cell	memory	157	132	10
cell	memory	157	133	6
cell	memory	157	134	10
cell	memory	157	135	9
cell	memory	157	136	9
cell	memory	157	137	7
cell	memory	157	138	5
cell	memory	157	139	6
cell	memory	157	140	6
cell	memory	157	141	5
cell	memory	157	142	9
cell	memory	157	143	7
cell	memory	157	144	9
cell	memory	157	145	7
cell	memory	157	146	6
cell	memory	157	147	5
cell	memory	157	148	6
cell	memory	157	149	7
cell	memory	157	150	6
cell	memory	157	151	6
cell	memory	157	152	7
cell	memory	157	153	5
cell	memory	157	154	10
cell	memory	157	155	6
cell	memory	157	156	6
cell	memory	157	157	8
cell	memory	157	158	8
cell	memory	157	159	6
cell	memory	157	160	6
cell	memory	157	161	4
cell	memory	157	162	2
cell	memory	157	163	2
cell	memory	157	164	10
cell	memory	157	165	5
cell	memory	157	166	7
cell	memory	157	167	3
cell	memory	157	168	8
cell	memory	157	169	6
cell	memory	157	170	9
cell	memory	157	171	8
cell	memory	157	172	6
cell	memory	157	173	5
cell	memory	157	174	5
cell	memory	157	175	5
cell	memory	157	176	5
cell	memory	157	177	5
cell	memory	157	178	5
cell	memory	157	179	5
cell	memory	157	180	8
cell	memory	157	181	9
cell	memory	157	182	10
cell	memory	157	183	4
cell	memory	157	184	3
cell	memory	157	185	3
cell	memory	157	186	4
cell	memory	157	187	8
cell	memory	157	190	7
cell	memory	157	191	8
cell	memory	157	192	9
cell	memory	157	193	6
cell	memory	157	194	8
cell	memory	157	195	6
cell	memory	157	196	4
cell	memory	157	197	6
cell	memory	157	198	7
cell	memory	157	199	6
cell	memory	157	200	7
cell	memory	157	201	4
cell	memory	158	130	3
cell	memory	158	131	8
cell	memory	158	132	6
cell	memory	158	133	8
cell	memory	158	134	5
cell	memory	158	135	3
cell	memory	158	136	9
cell	memory	158	137	8
cell	memory	158	138	8
cell	memory	158	139	11
cell	memory	158	140	6
cell	memory	158	141	8
cell	memory	158	142	9
cell	memory	158	143	4
cell	memory	158	146	8
cell	memory	158	147	5
cell	memory	158	148	7
cell	memory	158	149	8
cell	memory	158	150	8
cell	memory	158	151	8
cell	memory	158	152	7
cell	memory	158	153	5
cell	memory	158	154	5
cell	memory	158	155	4
cell	memory	158	156	6
cell	memory	158	157	6
cell	memory	158	158	7
cell	memory	158	159	3
cell	memory	158	161	7
cell	memory	158	162	8
cell	memory	158	163	5
cell	memory	158	164	5
cell	memory	158	165	5
cell	memory	158	166	5
cell	memory	158	167	5
cell	memory	158	168	5
cell	memory	158	169	5
cell	memory	158	170	5
cell	memory	158	171	5
cell	memory	158	172	5
cell	memory	158	173	5
cell	memory	158	174	5
cell	memory	158	175	5
cell	memory	158	176	5
cell	memory	158	177	5
cell	memory	158	178	5
cell	memory	158	179	5
cell	memory	158	180	5
cell	memory	158	181	5
cell	memory	158	182	5
cell	memory	158	183	5
cell	memory	158	184	3
cell	memory	158	186	2
cell	memory	158	187	8
cell	memory	158	188	8
cell	memory	158	189	2
cell	memory	158	190	6
cell	memory	158	191	5
cell	memory	158	192	7
cell	memory	158	193	4
cell	memory	158	194	7
cell	memory	158	195	6
cell	memory	158	196	7
cell	memory	158	197	6
cell	memory	158	198	11
cell	memory	158	199	8
cell	memory	158	200	8
cell	memory	158	201	6
cell	memory	159	130	8
cell	memory	159	131	9
cell	memory	159	132	7
cell	memory	159	133	7
cell	memory	159	134	7
cell	memory	159	135	7
cell	memory	159	136	5
cell	memory	159	137	3
cell	memory	159	138	6
cell	memory	159	139	5
cell	memory	159	140	10
cell	memory	159	141	7
cell	memory	159	145	2
cell	memory	159	146	6
cell	memory	159	147	7
cell	memory	159	148	5
cell	memory	159	149	2
cell	memory	159	150	4
cell	memory	159	151	7
cell	memory	159	152	7
cell	memory	159	153	6
cell	memory	159	154	7
cell	memory	159	155	6
cell	memory	159	156	5
cell	memory	159	157	7
cell	memory	159	158	7
cell	memory	159	159	5
cell	memory	159	160	1
cell	memory	159	161	3
cell	memory	159	162	2
cell	memory	159	163	1
cell	memory	159	164	6
cell	memory	159	165	4
cell	memory	159	166	6
cell	memory	159	167	5
cell	memory	159	168	5
cell	memory	159	169	5
cell	memory	159	170	5
cell	memory	159	171	5
cell	memory	159	172	2
cell	memory	159	173	8
cell	memory	159	174	9
cell	memory	159	175	10
cell	memory	159	176	9
cell	memory	159	177	9
cell	memory	159	178	9
cell	memory	159	179	6
cell	memory	159	180	9
cell	memory	159	181	6
cell	memory	159	182	8
cell	memory	159	183	6
cell	memory	159	185	8
cell	memory	159	187	9
cell	memory	159	188	4
cell	memory	159	190	11
cell	memory	159	191	2
cell	memory	159	192	3
cell	memory	159	193	6
cell	memory	159	194	7
cell	memory	159	195	6
cell	memory	159	196	7
cell	memory	159	197	7
cell	memory	159	198	6
cell	memory	159	199	5
cell	memory	159	200	8
cell	memory	159	201	5
cell	memory	160	131	12
cell	memory	160	132	7
cell	memory	160	133	7
cell	memory	160	134	4
cell	memory	160	135	3
cell	memory	160	136	8
cell	memory	160	137	5
cell	memory	160	138	5
cell	memory	160	139	3
cell	memory	160	140	1
cell	memory	160	141	3
cell	memory	160	143	6
cell	memory	160	144	2
cell	memory	160	145	8
cell	memory	160	146	7
cell	memory	160	147	10
cell	memory	160	148	5
cell	memory	160	149	5
cell	memory	160	150	6
cell	memory	160	151	8
cell	memory	160	152	6
cell	memory	160	153	5
cell	memory	160	154	8
cell	memory	160	155	7
cell	memory	160	156	8
cell	memory	160	157	9
cell	memory	160	158	11
cell	memory	160	159	2
cell	memory	160	160	1
cell	memory	160	161	7
cell	memory	160	162	4
cell	memory	160	163	6
cell	memory	160	164	10
cell	memory	160	165	4
cell	memory	160	166	9
cell	memory	160	167	1
cell	memory	160	168	9
cell	memory	160	169	7
cell	memory	160	170	9
cell	memory	160	171	9
cell	memory	160	172	11
cell	memory	160	173	3
cell	memory	160	174	7
cell	memory	160	175	6
cell	memory	160	176	8
cell	memory	160	177	7
cell	memory	160	178	6
cell	memory	160	179	7
cell	memory	160	180	8
cell	memory	160	181	11
cell	memory	160	182	10
cell	memory	160	183	4
cell	memory	160	184	1
cell	memory	160	185	4
cell	memory	160	187	11
cell	memory	160	188	4
cell	memory	160	189	9
cell	memory	160	190	8
cell	memory	160	191	2
cell	memory	160	192	6
cell	memory	160	193	6
cell	memory	160	194	8
cell	memory	160	195	7
cell	memory	160	196	4
cell	memory	160	197	6
cell	memory	160	198	8
cell	memory	160	199	10
cell	memory	160	200	12
cell	memory	161	130	2
cell	memory	161	131	1
cell	memory	161	132	6
cell	memory	161	133	6
cell	memory	161	134	7
cell	memory	161	135	5
cell	memory	161	136	9
cell	memory	161	137	7
cell	memory	161	138	7
cell	memory	161	139	4
cell	memory	161	140	1
cell	memory	161	146	6
cell	memory	161	147	6
cell	memory	161	148	7
cell	memory	161	149	5
cell	memory	161	150	5
cell	memory	161	151	4
cell	memory	161	152	6
cell	memory	161	153	7
cell	memory	161	154	8
cell	memory	161	155	6
cell	memory	161	156	3
cell	memory	161	157	6
cell	memory	161	158	7
cell	memory	161	159	2
cell	memory	161	160	8
cell	memory	161	161	8
cell	memory	161	162	9
cell	memory	161	163	1
cell	memory	161	164	4
cell	memory	161	165	11
cell	memory	161	166	3
cell	memory	161	167	7
cell	memory	161	168	5
cell	memory	161	169	7
cell	memory	161	170	6
cell	memory	161	171	9
cell	memory	161	172	8
cell	memory	161	173	6
cell	memory	161	174	6
cell	memory	161	175	6
cell	memory	161	176	6
cell	memory	161	177	6
cell	memory	161	178	1
cell	memory	161	179	3
cell	memory	161	180	5
cell	memory	161	181	7
cell	memory	161	182	10
cell	memory	161	183	6
cell	memory	161	184	1
cell	memory	161	185	11
cell	memory	161	186	1
cell	memory	161	187	6
cell	memory	161	189	7
cell	memory	161	190	4
cell	memory	161	191	2
cell	memory	161	192	2
cell	memory	161	193	4
cell	memory	161	194	13
cell	memory	161	195	9
cell	memory	161	196	5
cell	memory	161	197	6
cell	memory	161	198	8
cell	memory	161	199	6
cell	memory	161	200	6
cell	memory	162	130	2
cell	memory	162	131	1
cell	memory	162	132	3
cell	memory	162	133	7
cell	memory	162	134	5
cell	memory	162	135	4
cell	memory	162	136	7
cell	memory	162	137	6
cell	memory	162	138	5
cell	memory	162	139	4
cell	memory	162	140	2
cell	memory	162	141	3
cell	memory	162	142	7
cell	memory	162	144	10
cell	memory	162	145	1
cell	memory	162	146	6
cell	memory	162	147	7
cell	memory	162	148	7
cell	memory	162	149	7
cell	memory	162	150	9
cell	memory	162	151	13
cell	memory	162	152	8
cell	memory	162	153	7
cell	memory	162	154	8
cell	memory	162	155	2
cell	memory	162	156	7
cell	memory	162	157	8
cell	memory	162	158	5
cell	memory	162	159	6
cell	memory	162	160	8
cell	memory	162	161	4
cell	memory	162	162	9
cell	memory	162	163	9
cell	memory	162	164	9
cell	memory	162	165	3
cell	memory	162	166	1
cell	memory	162	167	10
cell	memory	162	168	6
cell	memory	162	169	9
cell	memory	162	170	9
cell	memory	162	171	6
cell	memory	162	172	11
cell	memory	162	173	6
cell	memory	162	174	2
cell	memory	162	175	5
cell	memory	162	176	8
cell	memory	162	177	2
cell	memory	162	178	6
cell	memory	162	179	9
cell	memory	162	180	10
cell	memory	162	181	4
cell	memory	162	182	5
cell	memory	162	183	6
cell	memory	162	185	5
cell	memory	162	187	8
cell	memory	162	188	2
cell	memory	162	189	8
cell	memory	162	190	3
cell	memory	162	191	8
cell	memory	162	192	3
cell	memory	162	194	6
cell	memory	162	195	8
cell	memory	162	196	6
cell	memory	162	197	5
cell	memory	162	198	2
cell	memory	162	199	8
cell	memory	163	130	1
cell	memory	163	131	3
cell	memory	163	132	1
cell	memory	163	133	6
cell	memory	163	134	7
cell	memory	163	135	8
cell	memory	163	136	14
cell	memory	163	137	7
cell	memory	163	138	11
cell	memory	163	139	11
cell	memory	163	140	8
cell	memory	163	147	2
cell	memory	163	148	2
cell	memory	163	151	4
cell	memory	163	152	8
cell	memory	163	153	4
cell	memory	163	154	2
cell	memory	163	155	2
cell	memory	163	157	6
cell	memory	163	159	2
cell	memory	163	160	2
cell	memory	163	161	3
cell	memory	163	162	2
cell	memory	163	164	5
cell	memory	163	165	1
cell	memory	163	166	1
cell	memory	163	167	4
cell	memory	163	168	1
cell	memory	163	169	2
cell	memory	163	170	4
cell	memory	163	171	1
cell	memory	163	172	6
cell	memory	163	173	1
cell	memory	163	174	6
cell	memory	163	175	7
cell	memory	163	176	1
cell	memory	163	177	8
cell	memory	163	178	1
cell	memory	163	179	5
cell	memory	163	180	1
cell	memory	163	181	2
cell	memory	163	183	2
cell	memory	163	185	1
cell	memory	163	187	7
cell	memory	163	188	2
cell	memory	163	189	1
cell	memory	163	191	1
cell	memory	163	194	2
cell	memory	163	196	2
cell	memory	163	199	5
cell	top	0	114	11
cell	top	0	115	9
cell	top	0	116	9
cell	top	0	117	9
cell	top	0	118	10
cell	top	0	119	9
cell	top	0	152	6
cell	top	0	153	5
cell	top	0	154	5
cell	top	0	155	5
cell	top	0	156	5
cell	top	0	157	5
cell	top	0	158	3
cell	top	0	160	1
cell	top	1	114	5
cell	top	1	115	5
cell	top	1	116	5
cell	top	1	117	5
cell	top	1	118	5
cell	top	1	119	5
cell	top	10	115	10
cell	top	10	116	13
cell	top	10	117	11
cell	top	10	118	13
cell	top	108	145	1
cell	top	11	114	5
cell	top	11	115	5
cell	top	11	116	5
cell	top	11	117	5
cell	top	11	118	5
cell	top	11	119	5
cell	top	143	153	1
cell	top	151	160	3
cell	top	163	144	1
cell	top	9	115	4
cell	top	9	118	5
cell	video	101	129	1
cell	video	117	129	6
cell	video	117	130	5
cell	video	117	131	5
cell	video	117	132	5
cell	video	2	163	8
cell	video	2	164	4
cell	video	2	165	4
cell	video	2	166	6
cell	video	2	167	1
cell	video	3	163	6
cell	video	3	164	6
cell	video	3	165	5
cell	video	3	166	5
cell	video	3	167	5
cell	video	4	161	1
cell	video	4	162	6
cell	video	4	163	5
cell	video	4	164	5
cell	video	4	165	5
cell	video	4	166	5
cell	video	4	167	5
cell	video	42	115	2
cell	video	46	120	2
cell	video	46	122	2
cell	video	5	160	4
cell	video	5	161	11
cell	video	5	162	2
cell	video	5	163	1
cell	video	5	164	3
cell	video	5	166	1
cell	video	5	167	1
cell	video	6	160	10
cell	video	6	161	6
cell	video	62	127	1
cell	video	68	120	2
cell	video	7	161	2
cell	video	78	117	1
cell	video	78	122	3
cell	video	82	121	2
cell	video	83	121	6
cell	video	83	122	5
cell	video	83	123	3
cell	video	84	124	1
cell	video	84	125	1
cell	video	84	127	2
cell	video	85	124	6
cell	video	85	125	5
cell	video	85	126	5
cell	video	86	125	4
cell	video	88	118	2
cell	video	88	127	2
cell	video	92	124	2
cell	video	92	125	8
cell	video	92	126	6
cell	video	93	126	2
cell	video	94	126	5
cell	video	95	126	7
cell	video	96	126	4
cell	video	98	127	1
cell	video	99	127	8
